
# www.blender.org
mtllib tree.mtl
o Icosphere
v 1.301599 12.243493 -0.729098
v 4.631284 14.790290 1.690381
v 0.028813 14.789083 3.188200
v -2.817296 14.789104 -0.729098
v 0.081263 14.830666 -4.543490
v 3.928949 14.993907 -2.680469
v 2.387827 18.268185 1.863506
v -0.993005 18.228786 1.002954
v -0.753756 18.105202 -2.221664
v 2.333390 18.513071 -3.777195
v 4.471152 18.444115 -0.655195
v 1.274750 19.658619 -0.802455
v 0.553480 12.931240 1.573414
v 3.260239 12.931241 0.693921
v 2.512128 14.427504 2.996456
v 5.218891 14.427512 -0.729098
v 3.260239 12.931241 -2.152117
v -1.119423 12.931252 -0.729098
v -1.867561 14.427511 1.573422
v 0.553480 12.931240 -3.031611
v -1.653827 14.526502 -2.886267
v 2.506508 14.432797 -4.444161
v 4.706883 16.816330 0.505508
v 4.508663 16.692858 -1.781867
v 1.294142 16.641998 2.774038
v 3.889248 16.862198 2.935194
v -2.082298 16.828920 0.514545
v -1.283322 16.861994 2.936076
v -0.564387 16.775803 -3.607248
v -1.954490 16.726707 -1.805619
v 3.079244 16.750713 -3.564605
v 1.300967 16.847023 -5.240274
v 3.559378 18.606228 1.029277
v 0.379932 18.561584 1.678508
v -1.607318 18.736002 -0.639869
v 0.593413 18.394924 -3.222269
v 3.217039 18.308350 -2.157538
v 1.804902 19.504940 0.395304
v 3.067569 19.764267 -0.769697
v -0.281545 19.923422 0.244091
v -0.018069 19.537664 -1.660600
v 1.812057 19.646336 -2.360121
vn 0.1024 -0.9435 0.3151
vn 0.7005 -0.6609 0.2692
vn -0.2680 -0.9435 0.1947
vn -0.2680 -0.9435 -0.1947
vn 0.1024 -0.9435 -0.3151
vn 0.9706 0.0934 0.2217
vn 0.0982 0.1528 0.9834
vn -0.9155 0.0909 0.3919
vn -0.6965 0.1101 -0.7090
vn 0.7693 0.0516 -0.6368
vn 0.9382 0.1480 0.3129
vn 0.0761 0.1677 0.9829
vn -0.9248 0.3744 -0.0674
vn -0.6552 0.1398 -0.7424
vn 0.7796 0.0635 -0.6230
vn 0.1909 0.7868 0.5870
vn -0.4754 0.5180 0.7111
vn -0.6304 0.5416 -0.5561
vn -0.2583 0.7059 -0.6595
vn 0.5955 0.5855 -0.5500
vn -0.0583 0.9979 -0.0280
vn 0.6223 0.5726 -0.5337
vn 0.6820 0.6727 -0.2871
vn -0.0716 0.9969 -0.0326
vn -0.2857 0.7166 -0.6363
vn -0.5744 0.5370 -0.6178
vn 0.0367 0.9804 -0.1935
vn -0.5550 0.7970 -0.2382
vn -0.7441 0.5071 0.4348
vn 0.1937 0.9802 0.0400
vn 0.1015 0.7444 0.6600
vn 0.0551 0.7743 0.6304
vn -0.0609 0.9863 0.1535
vn 0.2614 0.8426 0.4709
vn 0.6453 0.7104 0.2809
vn 0.6835 0.4053 -0.6072
vn 0.7084 0.4376 -0.5538
vn 0.8508 0.3088 -0.4252
vn -0.2542 0.7223 -0.6432
vn -0.5623 0.5491 -0.6183
vn -0.5703 0.5524 -0.6079
vn -0.7025 0.4441 -0.5562
vn -0.9767 0.2052 -0.0628
vn -0.7787 0.4553 0.4317
vn -0.4226 0.7687 0.4801
vn 0.0981 0.5281 0.8435
vn -0.0082 0.4927 0.8702
vn 0.2381 0.7367 0.6329
vn 0.8439 0.4605 0.2753
vn 0.8192 0.4069 0.4042
vn 0.6775 0.2014 -0.7074
vn 0.6850 0.1043 -0.7210
vn -0.0136 -0.3192 -0.9476
vn -0.7102 0.4570 -0.5355
vn -0.7803 0.1866 -0.5970
vn -0.8679 0.1184 -0.4825
vn -0.8041 0.5357 0.2580
vn -0.9485 0.0529 0.3122
vn -0.5904 -0.2817 0.7564
vn -0.0975 0.5354 0.8390
vn -0.0672 0.0631 0.9957
vn 0.5378 -0.2842 0.7937
vn 0.9927 0.0794 -0.0903
vn 0.9617 0.2563 -0.0972
vn 0.8350 0.0061 -0.5502
vn 0.7753 -0.3805 -0.5042
vn 0.1887 -0.7919 -0.5808
vn -0.0721 -0.6321 -0.7716
vn -0.4855 -0.6152 -0.6212
vn -0.5535 -0.7293 -0.4022
vn -0.7039 -0.6433 -0.3013
vn -0.7240 -0.6617 0.1947
vn -0.4911 -0.7947 0.3568
vn -0.4089 -0.6617 0.6284
vn 0.7162 -0.3818 -0.5842
vn 0.6071 -0.7947 0.0000
vn 0.3313 -0.9435 0.0000
vn -0.0385 -0.6617 0.7488
vn 0.1876 -0.7947 0.5773
vn 0.4725 -0.6610 0.5830
usemtl Material.006
s off
f 1//1 14//1 13//1
f 2//2 14//2 16//2
f 1//3 13//3 18//3
f 1//4 18//4 20//4
f 1//5 20//5 17//5
f 2//6 16//6 23//6
f 3//7 15//7 25//7
f 4//8 19//8 27//8
f 5//9 21//9 29//9
f 6//10 22//10 31//10
f 2//11 23//11 26//11
f 3//12 25//12 28//12
f 4//13 27//13 30//13
f 5//14 29//14 32//14
f 6//15 31//15 24//15
f 7//16 33//16 38//16
f 8//17 34//17 40//17
f 9//18 35//18 41//18
f 10//19 36//19 42//19
f 11//20 37//20 39//20
f 39//21 42//21 12//21
f 39//22 37//22 42//22
f 37//23 10//23 42//23
f 42//24 41//24 12//24
f 42//25 36//25 41//25
f 36//26 9//26 41//26
f 41//27 40//27 12//27
f 41//28 35//28 40//28
f 35//29 8//29 40//29
f 40//30 38//30 12//30
f 40//31 34//31 38//31
f 34//32 7//32 38//32
f 38//33 39//33 12//33
f 38//34 33//34 39//34
f 33//35 11//35 39//35
f 24//36 37//36 11//36
f 24//37 31//37 37//37
f 31//38 10//38 37//38
f 32//39 36//39 10//39
f 32//40 29//40 36//40
f 29//41 9//41 36//41
f 30//42 35//42 9//42
f 30//43 27//43 35//43
f 27//44 8//44 35//44
f 28//45 34//45 8//45
f 28//46 25//46 34//46
f 25//47 7//47 34//47
f 26//48 33//48 7//48
f 26//49 23//49 33//49
f 23//50 11//50 33//50
f 31//51 32//51 10//51
f 31//52 22//52 32//52
f 22//53 5//53 32//53
f 29//54 30//54 9//54
f 29//55 21//55 30//55
f 21//56 4//56 30//56
f 27//57 28//57 8//57
f 27//58 19//58 28//58
f 19//59 3//59 28//59
f 25//60 26//60 7//60
f 25//61 15//61 26//61
f 15//62 2//62 26//62
f 23//63 24//63 11//63
f 23//64 16//64 24//64
f 16//65 6//65 24//65
f 17//66 22//66 6//66
f 17//67 20//67 22//67
f 20//68 5//68 22//68
f 20//69 21//69 5//69
f 20//70 18//70 21//70
f 18//71 4//71 21//71
f 18//72 19//72 4//72
f 18//73 13//73 19//73
f 13//74 3//74 19//74
f 16//75 17//75 6//75
f 16//76 14//76 17//76
f 14//77 1//77 17//77
f 13//78 15//78 3//78
f 13//79 14//79 15//79
f 14//80 2//80 15//80
o Cube
v 0.889880 1.981515 0.956165
v -1.068309 2.008845 0.733264
v -0.905953 1.970845 -0.994178
v 0.939019 1.970774 -0.967184
v 0.903466 0.031657 -0.960620
v -0.914108 0.031657 -0.972478
v -0.925964 0.062991 0.844826
v 0.891610 0.062991 0.856683
v -0.769563 -0.728633 -2.626615
v 0.772661 -0.777236 -2.791574
v 0.783874 0.736535 -3.132748
v -0.758349 0.785138 -2.967789
v 0.668239 -0.608804 1.986324
v -0.704265 -0.716746 2.303444
v -0.721990 0.642218 2.689300
v 0.650515 0.750160 2.372180
v 0.804221 3.573177 0.855098
v -0.982449 3.600501 0.632197
v -0.822787 3.563325 -0.877823
v 0.853359 3.563260 -0.896733
v 0.804229 5.687634 0.838729
v -0.982441 5.715094 0.615811
v -1.042402 5.321569 -1.103477
v 0.853350 5.321370 -0.880347
v 0.074933 10.015441 1.148729
v -0.420383 10.015441 1.080452
v -0.378353 10.409478 0.775546
v 0.116964 10.409478 0.843823
v -0.600983 10.043553 -1.145430
v -0.122311 10.043553 -1.289906
v -0.033073 10.436772 -0.994245
v -0.511744 10.436772 -0.849769
v -0.135589 13.205969 -0.909450
v -0.298098 13.205969 -0.928581
v -0.287023 13.339394 -1.022658
v -0.124514 13.339394 -1.003527
v -0.560694 13.255440 -4.100953
v -0.407447 13.255440 -4.158317
v -0.366548 13.370178 -4.049056
v -0.519795 13.370178 -3.991693
v -0.405338 12.929857 -5.740654
v -0.550345 12.929857 -5.816471
v -0.482901 13.004608 -5.945463
v -0.337894 13.004608 -5.869646
v -0.870029 12.814067 -10.499008
v -0.710174 12.814067 -10.533958
v -0.694441 12.960183 -10.462002
v -0.854296 12.960183 -10.427052
v -1.084873 12.711059 -4.240375
v -1.210448 12.711059 -4.345285
v -1.112708 12.770513 -4.462278
v -0.987133 12.770513 -4.357368
v -1.506793 13.435330 -5.667997
v -1.365327 13.435330 -5.750234
v -1.295671 13.522311 -5.630409
v -1.437137 13.522311 -5.548173
v -0.216171 13.246244 3.295473
v -0.375632 13.246244 3.258766
v -0.348497 13.356440 3.140885
v -0.189036 13.356440 3.177592
v -0.629046 13.401695 0.513221
v -0.473467 13.401695 0.462521
v -0.440327 13.525532 0.564216
v -0.595906 13.525532 0.614915
v -0.100619 13.013888 8.791727
v -0.263997 13.013888 8.782625
v -0.260011 13.160993 8.711071
v -0.096633 13.160993 8.720173
v -0.747873 13.513229 4.331052
v -0.590428 13.513229 4.286484
v -0.564307 13.645811 4.378761
v -0.721752 13.645811 4.423329
v -0.391805 12.268868 4.494159
v -0.229507 12.268868 4.473309
v -0.225723 12.429784 4.502759
v -0.388021 12.429784 4.523609
v -0.479670 13.522822 2.317658
v -0.524934 13.522822 2.160412
v -0.373439 13.566672 2.116803
v -0.328175 13.566672 2.274050
v -0.903988 11.143441 -0.761635
v -0.566979 11.338370 -1.075365
v -0.215209 11.298474 -0.722284
v -0.552219 11.103545 -0.408553
v -0.849757 12.397960 1.198331
v -0.750073 12.512301 1.136977
v -0.620922 12.432382 1.197872
v -0.720607 12.318040 1.259225
v -0.824220 13.205969 -1.297764
v -0.835435 13.205969 -1.134517
v -0.929938 13.339394 -1.141009
v -0.918724 13.339394 -1.304256
v -3.991306 13.255440 -0.718134
v -4.056046 13.255440 -0.868414
v -3.948901 13.370178 -0.914572
v -3.884161 13.370178 -0.764292
v -5.636618 12.929857 -0.793659
v -5.705302 12.929857 -0.645140
v -5.837418 13.004608 -0.706239
v -5.768733 13.004608 -0.854757
v -10.366782 12.814067 -0.098380
v -10.409457 12.814067 -0.256349
v -10.338349 12.960183 -0.275559
v -10.295674 12.960183 -0.117590
v -4.105101 12.711059 -0.187802
v -4.203787 12.711059 -0.057279
v -4.325390 12.770513 -0.149220
v -4.226704 12.770513 -0.279743
v -5.510544 13.435330 0.302966
v -5.599555 13.435330 0.165662
v -5.483255 13.522311 0.090269
v -5.394245 13.522311 0.227573
v 3.379653 13.246244 -1.421530
v 3.350736 13.246244 -1.260474
v 3.231676 13.356440 -1.281852
v 3.260593 13.356440 -1.442908
v 0.620741 13.401695 -0.873996
v 0.562545 13.401695 -1.026929
v 0.662509 13.525532 -1.064969
v 0.720706 13.525532 -0.912036
v 8.863807 13.013888 -1.803925
v 8.862653 13.013888 -1.640297
v 8.790990 13.160993 -1.640803
v 8.792144 13.160993 -1.804431
v 4.439838 13.513229 -0.940759
v 4.387675 13.513229 -1.095854
v 4.478573 13.645811 -1.126426
v 4.530736 13.645811 -0.971332
v 4.585456 12.268868 -1.304330
v 4.556747 12.268868 -1.465423
v 4.585979 12.429784 -1.470633
v 4.614688 12.429784 -1.309539
v 2.415793 13.522822 -1.110845
v 2.260930 13.522822 -1.057996
v 2.210014 13.566672 -1.207194
v 2.364877 13.566672 -1.260043
v 3.799709 14.105645 1.273708
v 3.660482 14.105645 1.359680
v 3.596928 14.215840 1.256757
v 3.736155 14.215840 1.170785
v 7.745093 13.873289 5.102038
v 7.622483 13.873289 5.210399
v 7.575025 14.020393 5.156701
v 7.697635 14.020393 5.048339
v 4.149388 14.372630 2.384049
v 4.230056 14.372630 2.241683
v 4.313495 14.505212 2.288960
v 4.232827 14.505212 2.431327
v 4.517308 13.128269 2.249797
v 4.618097 13.128269 2.120891
v 4.641488 13.289185 2.139180
v 4.540699 13.289185 2.268086
v 2.924995 14.382223 0.763385
v 2.782274 14.382223 0.683349
v 2.859383 14.426073 0.545847
v 3.002104 14.426073 0.625884
v 1.479411 -0.651248 4.405190
v 0.923592 -0.736549 4.718091
v 0.873955 -0.100628 4.803278
v 1.429773 -0.015327 4.490378
v 5.930407 -0.060823 -1.889882
v 6.127070 -0.060823 -1.504106
v 6.110755 0.371802 -1.495789
v 5.914093 0.371802 -1.881565
v 5.968519 0.030601 -1.806601
v 6.082063 0.030601 -1.583872
v 6.072643 0.280378 -1.579070
v 5.959100 0.280378 -1.801799
v -0.692227 -0.417145 -5.219824
v -0.410676 -0.431860 -5.283472
v -0.403785 -0.145139 -5.319277
v -0.685336 -0.130424 -5.255629
v -5.908740 0.020948 1.491299
v -6.050918 0.020948 1.173609
v -6.040769 0.368824 1.169067
v -5.898591 0.368824 1.486757
v -1.514538 -0.013357 -0.073206
v -1.514538 -0.013357 -0.073206
v -1.514538 -0.013357 -0.073206
v -1.514538 -0.013357 -0.073206
v -1.514538 -0.013357 -0.073206
v -1.514538 -0.013357 -0.073206
v -1.514538 -0.013357 -0.073206
v -1.514538 -0.013357 -0.073206
v -2.111430 -0.632994 1.137918
v -2.719225 -0.636189 1.346599
v -2.674132 -0.010822 1.487509
v -2.066337 -0.007627 1.278828
v -1.742480 -0.743394 2.743972
v -1.960259 -0.745518 2.823515
v -1.947050 -0.517921 2.865757
v -1.729271 -0.515797 2.786214
v -3.747679 -0.087507 -1.496508
v -3.304727 -0.087507 -1.696360
v -3.296290 0.398010 -1.677661
v -3.739243 0.398010 -1.477810
v 2.662769 -1.715579 -2.542164
v 3.061542 -1.715579 -2.539149
v 3.063098 -1.374040 -2.745007
v 2.664326 -1.374040 -2.748022
v 1.746152 -0.435289 5.374734
v 1.633165 -0.453331 5.445140
v 1.617989 -0.320203 5.454899
v 1.730976 -0.302161 5.384493
v 0.804220 4.536427 0.855110
v -0.982450 4.563686 0.632209
v -0.931946 4.536427 -0.931192
v 0.853359 4.536427 -0.896745
v -0.315049 0.547788 -0.273667
v 0.295340 0.547788 -0.269685
v 0.296593 1.127129 -0.461917
v -0.313796 1.127129 -0.465898
v -0.483029 0.075411 -1.146927
v 0.474697 0.075411 -1.140680
v 0.476664 0.984421 -1.442299
v -0.481062 0.984421 -1.448546
v -0.011149 0.935210 -0.073205
v -0.011149 0.935210 -0.073205
v -0.011149 0.935210 -0.073205
v -0.011149 0.935210 -0.073205
v -0.011149 0.935210 -0.073205
v -0.011149 0.935210 -0.073205
v -0.011149 0.935210 -0.073205
v -0.011149 0.935210 -0.073205
v 0.723319 -0.272929 0.891085
v -0.754676 -0.263246 0.887411
v -0.820963 1.186210 1.508431
v 0.777963 1.186210 1.518861
v -0.634542 7.732134 -2.276279
v 0.638361 7.732134 -2.265568
v 0.735717 8.796524 -1.463302
v -0.825989 8.717342 -1.434104
v -0.418203 8.372533 -2.731490
v 0.429712 8.372533 -2.724356
v 0.425240 9.033216 -2.192858
v -0.422675 9.033216 -2.199993
v 0.669422 7.635550 0.923902
v -0.721494 7.647927 1.046536
v -0.682749 8.510274 0.249440
v 0.409524 8.598799 0.276753
v 0.499268 8.282964 1.744144
v -0.547456 8.282964 1.738563
v -0.544526 9.173885 1.189097
v 0.502197 9.173885 1.194678
v 0.350751 8.802862 2.309148
v -0.404973 8.802862 2.305119
v -0.402857 9.446098 1.908410
v 0.352866 9.446098 1.912440
v 0.412522 8.810204 0.183983
v -0.435424 8.810204 0.183297
v -0.434776 9.089057 -0.617485
v 0.413169 9.089057 -0.616800
v -0.238930 9.075358 -3.480534
v 0.261059 9.075358 -3.477273
v 0.229929 9.566876 -3.188723
v -0.240369 9.524058 -3.259928
v -0.236170 9.283454 -3.903771
v 0.263820 9.283454 -3.900510
v 0.262381 9.732154 -3.679904
v -0.237609 9.732154 -3.683166
v -0.233409 9.491549 -4.327008
v 0.266580 9.491549 -4.323747
v 0.265141 9.940249 -4.103141
v -0.234848 9.940249 -4.106402
v -0.230649 9.699646 -4.750245
v 0.269341 9.699646 -4.746984
v 0.267902 10.148346 -4.526378
v -0.232088 10.148346 -4.529639
v -0.227888 9.907743 -5.173483
v 0.272101 9.907743 -5.170221
v 0.270662 10.356442 -4.949615
v -0.229327 10.356442 -4.952877
v -0.225128 10.115838 -5.596720
v 0.274862 10.115838 -5.593458
v 0.273423 10.564538 -5.372852
v -0.226567 10.564538 -5.376114
v -0.222367 10.323934 -6.019957
v 0.277622 10.323934 -6.016695
v 0.276183 10.772634 -5.796089
v -0.223806 10.772634 -5.799351
v -0.219606 10.532030 -6.443193
v 0.280383 10.532030 -6.439932
v 0.278944 10.980730 -6.219326
v -0.221045 10.980730 -6.222588
v 0.216882 9.746958 -2.703789
v -0.204847 9.746958 -2.706540
v -0.202099 9.765682 -3.127853
v 0.219630 9.765682 -3.125102
v 0.194064 10.136206 -2.709516
v -0.181956 10.136206 -2.711968
v -0.179506 10.152901 -3.087618
v 0.196514 10.152901 -3.085166
v 0.174956 10.462161 -2.714311
v -0.162787 10.462161 -2.716514
v -0.160587 10.477157 -3.053925
v 0.177157 10.477157 -3.051722
v 0.157919 10.752799 -2.718587
v -0.145696 10.752799 -2.720568
v -0.143717 10.766280 -3.023882
v 0.159897 10.766280 -3.021902
v 0.142272 11.019715 -2.722514
v -0.129999 11.019715 -2.724290
v -0.128225 11.031804 -2.996292
v 0.144046 11.031804 -2.994516
v 0.127651 11.269134 -2.726183
v -0.115331 11.269134 -2.727768
v -0.113748 11.279922 -2.970510
v 0.129234 11.279922 -2.968925
v 0.113831 11.504881 -2.729652
v -0.101467 11.504881 -2.731056
v -0.100064 11.514441 -2.946142
v 0.115234 11.514441 -2.944738
v 0.100662 11.729524 -2.732957
v -0.088256 11.729524 -2.734189
v -0.087025 11.737912 -2.922921
v 0.101893 11.737912 -2.921689
v 0.186643 9.723285 3.456992
v -0.254975 9.723285 3.454112
v -0.253391 10.092153 3.211278
v 0.188227 10.092153 3.214159
v 0.167140 9.991699 3.833591
v -0.240386 9.991699 3.830933
v -0.238924 10.332092 3.606846
v 0.168602 10.332092 3.609504
v 0.150808 10.216470 4.148953
v -0.228169 10.216470 4.146482
v -0.226809 10.533015 3.938093
v 0.152167 10.533015 3.940565
v 0.136245 10.416886 4.430147
v -0.217275 10.416886 4.427841
v -0.216007 10.712171 4.233450
v 0.137513 10.712171 4.235756
v 0.122871 10.600945 4.688390
v -0.207271 10.600945 4.686236
v -0.206087 10.876701 4.504701
v 0.124055 10.876701 4.506854
v 0.110374 10.772937 4.929702
v -0.197923 10.772937 4.927691
v -0.196817 11.030446 4.758167
v 0.111480 11.030446 4.760178
v 0.098562 10.935502 5.157788
v -0.189087 10.935502 5.155912
v -0.188055 11.175765 4.997742
v 0.099594 11.175765 4.999618
v 0.087306 11.090410 5.375132
v -0.180667 11.090410 5.373384
v -0.179706 11.314240 5.226033
v 0.088267 11.314240 5.227781
v 0.076515 11.238920 5.583499
v -0.172595 11.238920 5.581874
v -0.171702 11.446993 5.444895
v 0.077409 11.446993 5.446520
v 0.066121 11.381970 5.784205
v -0.164820 11.381970 5.782699
v -0.163992 11.574868 5.655711
v 0.066949 11.574868 5.657217
v 0.056071 11.520279 5.978258
v -0.157302 11.520279 5.976867
v -0.156537 11.698503 5.859539
v 0.056836 11.698503 5.860930
v 0.046325 11.654416 6.166460
v -0.150012 11.654416 6.165179
v -0.149307 11.818410 6.057219
v 0.047029 11.818410 6.058500
v 0.036848 11.784842 6.349451
v -0.142923 11.784842 6.348278
v -0.149415 11.931598 6.287385
v 0.021619 11.931598 6.277546
v -0.234486 10.074354 2.325269
v 0.180881 10.074354 2.327978
v 0.178236 10.164461 2.733454
v -0.237130 10.164461 2.730744
v -0.209383 10.457532 2.265596
v 0.156559 10.457532 2.267983
v 0.154229 10.536918 2.625211
v -0.211713 10.536918 2.622824
v -0.188362 10.778403 2.215627
v 0.136191 10.778403 2.217744
v 0.134125 10.848811 2.534568
v -0.190428 10.848811 2.532452
v -0.169618 11.064510 2.171072
v 0.118031 11.064510 2.172948
v 0.116199 11.126911 2.453747
v -0.171450 11.126911 2.451870
v -0.152405 11.327266 2.130153
v 0.101352 11.327266 2.131808
v 0.099736 11.382314 2.379522
v -0.154020 11.382314 2.377867
v -0.136320 11.572794 2.091917
v 0.085767 11.572794 2.093365
v 0.084353 11.620972 2.310164
v -0.137734 11.620972 2.308715
v -0.121116 11.804864 2.055777
v 0.071036 11.804864 2.057030
v 0.069813 11.846549 2.244606
v -0.122340 11.846549 2.243353
v 0.168569 9.479833 0.469457
v -0.326748 9.479833 0.401180
v -0.230124 9.877137 0.117171
v 0.210599 9.873870 0.164551
v 0.121751 9.747637 0.809093
v -0.373565 9.747637 0.740816
v -0.331535 10.141674 0.435910
v 0.163781 10.141674 0.504187
v -0.397135 9.489476 -0.470052
v 0.007608 9.575965 -0.570107
v 0.192813 9.881551 -0.246606
v -0.307897 9.882695 -0.174391
v -0.499059 9.766515 -0.807741
v -0.020387 9.766515 -0.952217
v 0.068851 10.159734 -0.656556
v -0.409821 10.159734 -0.512080
v 0.066897 11.976393 -2.629478
v -0.095612 11.976393 -2.648610
v -0.084537 12.109818 -2.742686
v 0.077972 12.109818 -2.723555
v 0.051322 12.070976 -2.497169
v -0.111188 12.070976 -2.516300
v -0.100113 12.204401 -2.610376
v 0.062397 12.204401 -2.591245
v 0.035746 12.165558 -2.364859
v -0.126764 12.165558 -2.383990
v -0.115689 12.298983 -2.478066
v 0.046821 12.298983 -2.458935
v 0.020170 12.260141 -2.232549
v -0.142340 12.260141 -2.251680
v -0.131265 12.393566 -2.345757
v 0.031245 12.393566 -2.326626
v 0.004594 12.354725 -2.100239
v -0.157915 12.354725 -2.119370
v -0.146841 12.488150 -2.213447
v 0.015669 12.488150 -2.194315
v -0.010982 12.449306 -1.967929
v -0.173491 12.449306 -1.987060
v -0.162416 12.582731 -2.081137
v 0.000093 12.582731 -2.062006
v -0.026558 12.543890 -1.835620
v -0.189067 12.543890 -1.854751
v -0.177992 12.677315 -1.948827
v -0.015483 12.677315 -1.929696
v -0.042134 12.638473 -1.703310
v -0.204643 12.638473 -1.722441
v -0.193568 12.771897 -1.816517
v -0.031059 12.771897 -1.797386
v -0.057709 12.733055 -1.571000
v -0.220219 12.733055 -1.590131
v -0.209144 12.866480 -1.684207
v -0.046635 12.866480 -1.665076
v -0.073285 12.827639 -1.438690
v -0.235795 12.827639 -1.457821
v -0.224720 12.961063 -1.551897
v -0.062210 12.961063 -1.532766
v -0.088861 12.922220 -1.306381
v -0.251371 12.922220 -1.325511
v -0.240296 13.055645 -1.419587
v -0.077786 13.055645 -1.400456
v -0.104437 13.016803 -1.174070
v -0.266947 13.016803 -1.193201
v -0.255872 13.150228 -1.287278
v -0.093362 13.150228 -1.268147
v -0.120013 13.111385 -1.041760
v -0.282522 13.111385 -1.060891
v -0.271447 13.244810 -1.154968
v -0.108938 13.244810 -1.135837
v -0.129515 12.004844 -2.949058
v 0.023732 12.004844 -3.006422
v 0.064631 12.119582 -2.897162
v -0.088616 12.119582 -2.839798
v -0.168713 12.118534 -3.053776
v -0.015466 12.118534 -3.111140
v 0.025433 12.233273 -3.001879
v -0.127815 12.233273 -2.944516
v -0.207911 12.232224 -3.158494
v -0.054664 12.232224 -3.215858
v -0.013765 12.346963 -3.106597
v -0.167013 12.346963 -3.049233
v -0.247109 12.345916 -3.263211
v -0.093862 12.345916 -3.320575
v -0.052963 12.460654 -3.211314
v -0.206211 12.460654 -3.153951
v -0.286307 12.459607 -3.367929
v -0.133060 12.459607 -3.425293
v -0.092162 12.574346 -3.316033
v -0.245409 12.574346 -3.258669
v -0.325505 12.573297 -3.472647
v -0.172258 12.573297 -3.530011
v -0.131360 12.688035 -3.420750
v -0.284607 12.688035 -3.363386
v -0.364703 12.686988 -3.577364
v -0.211456 12.686988 -3.634728
v -0.170558 12.801726 -3.525468
v -0.323805 12.801726 -3.468104
v -0.403902 12.800677 -3.682082
v -0.250654 12.800677 -3.739446
v -0.209756 12.915416 -3.630186
v -0.363003 12.915416 -3.572822
v -0.443100 12.914369 -3.786800
v -0.289852 12.914369 -3.844164
v -0.248954 13.029107 -3.734903
v -0.402201 13.029107 -3.677539
v -0.482298 13.028059 -3.891517
v -0.329050 13.028059 -3.948881
v -0.288152 13.142797 -3.839621
v -0.441399 13.142797 -3.782257
v -0.521496 13.141749 -3.996235
v -0.368249 13.141749 -4.053599
v -0.327350 13.256488 -3.944339
v -0.480597 13.256488 -3.886975
v -0.001984 11.421937 -6.248902
v -0.363132 11.421937 -6.437730
v -0.195159 11.608109 -6.758992
v 0.165989 11.608109 -6.570165
v -0.091296 11.755828 -6.136364
v -0.404586 11.755828 -6.300169
v -0.258872 11.917329 -6.578857
v 0.054417 11.917329 -6.415053
v -0.166086 12.035427 -6.042124
v -0.439299 12.035427 -6.184974
v -0.312226 12.176268 -6.428012
v -0.039013 12.176268 -6.285162
v -0.232773 12.284734 -5.958096
v -0.470251 12.284734 -6.082261
v -0.359798 12.407153 -6.293510
v -0.122321 12.407153 -6.169345
v -0.294017 12.513691 -5.880924
v -0.498676 12.513691 -5.987931
v -0.403488 12.619192 -6.169988
v -0.198829 12.619192 -6.062981
v -0.351246 12.727637 -5.808813
v -0.525239 12.727637 -5.899786
v -0.444313 12.817330 -6.054563
v -0.270321 12.817330 -5.963590
v -0.351442 11.119082 -7.483299
v 0.077119 11.119082 -7.577001
v 0.119298 11.510810 -7.384089
v -0.309263 11.510810 -7.290387
v -0.418962 11.339770 -7.875945
v -0.025387 11.339770 -7.961997
v 0.013349 11.699519 -7.784833
v -0.380226 11.699519 -7.698781
v -0.475503 11.524572 -8.204745
v -0.111225 11.524572 -8.284392
v -0.075372 11.857542 -8.120416
v -0.439651 11.857542 -8.040769
v -0.525918 11.689354 -8.497922
v -0.187762 11.689354 -8.571856
v -0.154481 11.998446 -8.419639
v -0.492637 11.998446 -8.345704
v -0.572218 11.840683 -8.767168
v -0.258053 11.840683 -8.835857
v -0.227133 12.127848 -8.694439
v -0.541298 12.127848 -8.625750
v -0.615483 11.982093 -9.018762
v -0.323735 11.982093 -9.082551
v -0.295021 12.248767 -8.951224
v -0.586769 12.248767 -8.887435
v -0.656377 12.115752 -9.256567
v -0.385817 12.115752 -9.315723
v -0.359189 12.363057 -9.193935
v -0.629748 12.363057 -9.134779
v -0.695344 12.243114 -9.483173
v -0.444976 12.243114 -9.537914
v -0.420334 12.471964 -9.425213
v -0.670703 12.471964 -9.370472
v -0.732702 12.365218 -9.700419
v -0.501691 12.365218 -9.750928
v -0.478955 12.576375 -9.646939
v -0.709966 12.576375 -9.596431
v -0.768686 12.482832 -9.909677
v -0.556320 12.482832 -9.956109
v -0.535419 12.676947 -9.860515
v -0.747785 12.676947 -9.814082
v -0.803478 12.596548 -10.112000
v -0.609140 12.596548 -10.154490
v -0.590013 12.774183 -10.067011
v -0.784351 12.774183 -10.024521
v -0.837221 12.706833 -10.308219
v -0.660366 12.706833 -10.346887
v -0.642960 12.868488 -10.267278
v -0.819815 12.868488 -10.228610
v -0.425017 9.311563 -3.262813
v 0.024537 9.311563 -3.481675
v -0.249317 9.609695 -2.901916
v -0.544991 9.680581 -3.509246
v -0.095437 9.680581 -3.728108
v 0.080263 9.978713 -3.367212
v -0.369291 9.978713 -3.148349
v -0.664965 10.049599 -3.755678
v -0.215411 10.049599 -3.974540
v -0.039711 10.347731 -3.613643
v -0.489265 10.347731 -3.394781
v -0.784939 10.418616 -4.002110
v -0.335385 10.418616 -4.220973
v -0.159685 10.716748 -3.860076
v -0.609239 10.716748 -3.641214
v -0.904913 10.787634 -4.248543
v -0.455359 10.787634 -4.467405
v -0.279659 11.085766 -4.106508
v -0.729213 11.085766 -3.887646
v -1.024888 11.156651 -4.494976
v -0.575333 11.156651 -4.713838
v -0.399633 11.454783 -4.352941
v -0.849187 11.454783 -4.134079
v -0.907337 12.033099 -4.295102
v -1.188177 12.033099 -4.529725
v -0.969589 12.166064 -4.791371
v -0.688749 12.166064 -4.556748
v -0.976041 12.295461 -4.273923
v -1.196796 12.295461 -4.458348
v -1.024974 12.399978 -4.664016
v -0.804220 12.399978 -4.479590
v -1.033574 12.515162 -4.256188
v -1.204013 12.515162 -4.398579
v -1.071354 12.595858 -4.557369
v -0.900915 12.595858 -4.414979
v -1.251554 12.062354 -4.986269
v -0.899225 12.062354 -5.191082
v -0.725744 12.278983 -4.892653
v -1.078072 12.278983 -4.687839
v -1.308070 12.366365 -5.137220
v -1.002432 12.366365 -5.314893
v -0.851940 12.554287 -5.056011
v -1.157578 12.554287 -4.878339
v -1.355397 12.620943 -5.263627
v -1.088856 12.620943 -5.418571
v -0.957616 12.784824 -5.192805
v -1.224156 12.784824 -5.037862
v -1.397595 12.847939 -5.376338
v -1.165918 12.847939 -5.511015
v -1.051843 12.990385 -5.314780
v -1.283521 12.990385 -5.180102
v -1.436350 13.056406 -5.479849
v -1.236689 13.056406 -5.595915
v -1.138378 13.179167 -5.426798
v -1.338040 13.179167 -5.310732
v -1.472564 13.251207 -5.576573
v -1.302820 13.251207 -5.675248
v -1.219241 13.355574 -5.531472
v -1.388984 13.355574 -5.432797
v 0.017464 12.102982 2.280526
v -0.130285 12.137454 2.228767
v -0.141368 12.191031 2.076291
v 0.038761 12.214477 2.166376
v -0.005900 12.217307 2.382021
v -0.165361 12.217307 2.345314
v -0.138225 12.327502 2.227433
v 0.021236 12.327502 2.264140
v -0.029263 12.331635 2.483516
v -0.188724 12.331635 2.446809
v -0.161589 12.441830 2.328928
v -0.002128 12.441830 2.365635
v -0.052627 12.445960 2.585010
v -0.212088 12.445960 2.548303
v -0.184952 12.556155 2.430422
v -0.025491 12.556155 2.467129
v -0.075990 12.560287 2.686505
v -0.235451 12.560287 2.649798
v -0.208316 12.670482 2.531917
v -0.048855 12.670482 2.568624
v -0.099354 12.674613 2.787999
v -0.258815 12.674613 2.751292
v -0.231679 12.784808 2.633412
v -0.072218 12.784808 2.670119
v -0.122717 12.788939 2.889494
v -0.282178 12.788939 2.852787
v -0.255043 12.899135 2.734906
v -0.095582 12.899135 2.771613
v -0.146081 12.903265 2.990989
v -0.305542 12.903265 2.954282
v -0.278406 13.013460 2.836401
v -0.118945 13.013460 2.873108
v -0.169444 13.017592 3.092484
v -0.328905 13.017592 3.055777
v -0.301770 13.127788 2.937895
v -0.142308 13.127788 2.974602
v -0.192807 13.131919 3.193978
v -0.352269 13.131919 3.157271
v -0.325133 13.242114 3.039390
v -0.165672 13.242114 3.076097
v -0.156077 12.083253 1.964596
v -0.000498 12.083253 1.913896
v 0.010150 12.211433 2.014225
v -0.192459 12.184672 1.852952
v -0.036880 12.184672 1.802252
v -0.003740 12.308509 1.903947
v -0.159320 12.308509 1.954646
v -0.228842 12.286090 1.741307
v -0.073262 12.286090 1.690608
v -0.040123 12.409926 1.792302
v -0.195702 12.409926 1.843002
v -0.265224 12.387509 1.629663
v -0.109645 12.387509 1.578964
v -0.076505 12.511346 1.680658
v -0.232084 12.511346 1.731358
v -0.301606 12.488928 1.518019
v -0.146027 12.488928 1.467320
v -0.112887 12.612764 1.569014
v -0.268466 12.612764 1.619713
v -0.337988 12.590346 1.406375
v -0.182409 12.590346 1.355675
v -0.149269 12.714183 1.457370
v -0.304848 12.714183 1.508069
v -0.374370 12.691765 1.294731
v -0.218791 12.691765 1.244031
v -0.185651 12.815601 1.345725
v -0.341231 12.815601 1.396425
v -0.410753 12.793183 1.183086
v -0.255173 12.793183 1.132387
v -0.222034 12.917020 1.234081
v -0.377613 12.917020 1.284781
v -0.447135 12.894602 1.071442
v -0.291556 12.894602 1.020743
v -0.258416 13.018438 1.122437
v -0.413995 13.018438 1.173137
v -0.483517 12.996021 0.959798
v -0.327938 12.996021 0.909098
v -0.294798 13.119858 1.010793
v -0.450377 13.119858 1.061492
v -0.519899 13.097440 0.848154
v -0.364320 13.097440 0.797454
v -0.331180 13.221276 0.899148
v -0.486759 13.221276 0.949848
v -0.556281 13.198857 0.736510
v -0.400702 13.198857 0.685810
v -0.367562 13.322694 0.787504
v -0.523142 13.322694 0.838204
v -0.592664 13.300277 0.624865
v -0.437084 13.300277 0.574166
v -0.403945 13.424113 0.675860
v -0.559524 13.424113 0.726560
v 0.017888 11.975913 6.664391
v -0.145490 11.975913 6.655290
v -0.141504 12.123017 6.583737
v 0.021874 12.123017 6.592838
v 0.009988 12.045111 6.806213
v -0.153391 12.045111 6.797112
v -0.149404 12.192215 6.725559
v 0.013974 12.192215 6.734660
v 0.002087 12.114310 6.948036
v -0.161291 12.114310 6.938935
v -0.157305 12.261415 6.867382
v 0.006073 12.261415 6.876482
v -0.005813 12.183508 7.089858
v -0.169191 12.183508 7.080757
v -0.165205 12.330612 7.009204
v -0.001827 12.330612 7.018305
v -0.013714 12.252707 7.231680
v -0.177092 12.252707 7.222579
v -0.173106 12.399811 7.151026
v -0.009728 12.399811 7.160127
v -0.021614 12.321905 7.373503
v -0.184992 12.321905 7.364402
v -0.181006 12.469009 7.292849
v -0.017628 12.469009 7.301950
v -0.029515 12.391104 7.515325
v -0.192893 12.391104 7.506224
v -0.188907 12.538208 7.434671
v -0.025529 12.538208 7.443772
v -0.037415 12.460301 7.657147
v -0.200793 12.460301 7.648046
v -0.196807 12.607406 7.576493
v -0.033429 12.607406 7.585594
v -0.045315 12.529499 7.798969
v -0.208694 12.529499 7.789868
v -0.204708 12.676603 7.718315
v -0.041329 12.676603 7.727416
v -0.053216 12.598698 7.940792
v -0.216594 12.598698 7.931691
v -0.212608 12.745802 7.860138
v -0.049230 12.745802 7.869239
v -0.061116 12.667896 8.082616
v -0.224495 12.667896 8.073514
v -0.220509 12.815001 8.001960
v -0.057130 12.815001 8.011062
v -0.069017 12.737095 8.224438
v -0.232395 12.737095 8.215336
v -0.228409 12.884199 8.143782
v -0.065031 12.884199 8.152884
v -0.076917 12.806293 8.366260
v -0.240296 12.806293 8.357158
v -0.236310 12.953398 8.285604
v -0.072931 12.953398 8.294705
v -0.084818 12.875492 8.508081
v -0.248196 12.875492 8.498980
v -0.244210 13.022596 8.427427
v -0.080832 13.022596 8.436529
v -0.092718 12.944690 8.649903
v -0.256097 12.944690 8.640801
v -0.252111 13.091794 8.569249
v -0.088732 13.091794 8.578351
v -0.181113 12.008050 6.333250
v -0.023668 12.008050 6.288682
v 0.005991 12.114873 6.357451
v -0.154992 12.140632 6.425527
v -0.216535 12.102123 6.208113
v -0.059090 12.102123 6.163545
v -0.032969 12.234705 6.255821
v -0.190415 12.234705 6.300389
v -0.251958 12.196198 6.082975
v -0.094513 12.196198 6.038407
v -0.068392 12.328779 6.130684
v -0.225837 12.328779 6.175252
v -0.287380 12.290271 5.957838
v -0.129935 12.290271 5.913270
v -0.103814 12.422853 6.005547
v -0.261260 12.422853 6.050115
v -0.322803 12.384344 5.832701
v -0.165358 12.384344 5.788133
v -0.139237 12.516926 5.880409
v -0.296682 12.516926 5.924977
v -0.358225 12.478418 5.707563
v -0.200780 12.478418 5.662995
v -0.174659 12.611000 5.755272
v -0.332105 12.611000 5.799840
v -0.393648 12.572492 5.582426
v -0.236203 12.572492 5.537858
v -0.210082 12.705073 5.630134
v -0.367527 12.705073 5.674702
v -0.429070 12.666566 5.457289
v -0.271625 12.666566 5.412721
v -0.245504 12.799148 5.504997
v -0.402950 12.799148 5.549565
v -0.464493 12.760639 5.332151
v -0.307048 12.760639 5.287583
v -0.280927 12.893221 5.379860
v -0.438372 12.893221 5.424428
v -0.499915 12.854713 5.207014
v -0.342470 12.854713 5.162446
v -0.316349 12.987295 5.254723
v -0.473795 12.987295 5.299291
v -0.535338 12.948788 5.081877
v -0.377893 12.948788 5.037309
v -0.351772 13.081369 5.129585
v -0.509217 13.081369 5.174153
v -0.570760 13.042861 4.956739
v -0.413315 13.042861 4.912171
v -0.387194 13.175443 5.004448
v -0.544640 13.175443 5.049016
v -0.606183 13.136934 4.831602
v -0.448738 13.136934 4.787034
v -0.422617 13.269516 4.879310
v -0.580062 13.269516 4.923878
v -0.641605 13.231008 4.706464
v -0.484160 13.231008 4.661896
v -0.458039 13.363589 4.754173
v -0.615485 13.363589 4.798741
v -0.677028 13.325082 4.581327
v -0.519583 13.325082 4.536759
v -0.493462 13.457664 4.629035
v -0.650907 13.457664 4.673604
v -0.712450 13.419155 4.456190
v -0.555005 13.419155 4.411622
v -0.528884 13.551737 4.503899
v -0.686330 13.551737 4.548467
v -0.152769 12.089113 6.354794
v -0.176157 11.956587 6.172744
v -0.013859 11.956587 6.151894
v -0.010075 12.117502 6.181345
v -0.172373 12.117502 6.202195
v -0.195761 11.984977 6.020145
v -0.033463 11.984977 5.999295
v -0.029680 12.145892 6.028746
v -0.191978 12.145892 6.049596
v -0.215365 12.013366 5.867547
v -0.053068 12.013366 5.846697
v -0.049284 12.174281 5.876147
v -0.211582 12.174281 5.896997
v -0.234970 12.041755 5.714948
v -0.072672 12.041755 5.694098
v -0.068888 12.202670 5.723548
v -0.231186 12.202670 5.744399
v -0.254574 12.070144 5.562349
v -0.092276 12.070144 5.541499
v -0.088493 12.231059 5.570950
v -0.250791 12.231059 5.591800
v -0.274179 12.098534 5.409751
v -0.111881 12.098534 5.388901
v -0.108097 12.259449 5.418351
v -0.270395 12.259449 5.439201
v -0.293783 12.126923 5.257152
v -0.131485 12.126923 5.236302
v -0.127702 12.287838 5.265752
v -0.289999 12.287838 5.286602
v -0.313387 12.155312 5.104553
v -0.151089 12.155312 5.083703
v -0.147306 12.316227 5.113153
v -0.309604 12.316227 5.134004
v -0.332992 12.183702 4.951955
v -0.170694 12.183702 4.931105
v -0.166910 12.344617 4.960555
v -0.329208 12.344617 4.981405
v -0.352596 12.212090 4.799356
v -0.190298 12.212090 4.778506
v -0.186515 12.373006 4.807956
v -0.348813 12.373006 4.828806
v -0.372200 12.240479 4.646757
v -0.209902 12.240479 4.625907
v -0.206119 12.401395 4.655357
v -0.368417 12.401395 4.676208
v -0.158695 12.322027 2.225264
v -0.203959 12.322027 2.068017
v -0.052464 12.365877 2.024409
v -0.007200 12.365877 2.181655
v -0.198817 12.472126 2.236813
v -0.244081 12.472126 2.079566
v -0.092586 12.515976 2.035958
v -0.047322 12.515976 2.193205
v -0.238939 12.622226 2.248362
v -0.284203 12.622226 2.091116
v -0.132708 12.666076 2.047508
v -0.087444 12.666076 2.204754
v -0.279061 12.772325 2.259912
v -0.324325 12.772325 2.102665
v -0.172829 12.816175 2.059057
v -0.127565 12.816175 2.216304
v -0.319182 12.922424 2.271461
v -0.364446 12.922424 2.114214
v -0.212951 12.966274 2.070606
v -0.167687 12.966274 2.227852
v -0.359304 13.072524 2.283010
v -0.404568 13.072524 2.125764
v -0.253073 13.116374 2.082155
v -0.207809 13.116374 2.239402
v -0.399426 13.222624 2.294559
v -0.444690 13.222624 2.137313
v -0.293195 13.266474 2.093705
v -0.247931 13.266474 2.250951
v -0.439548 13.372723 2.306109
v -0.484812 13.372723 2.148862
v -0.333317 13.416573 2.105254
v -0.288053 13.416573 2.262501
v -0.456701 9.662453 -0.213272
v -0.566369 10.024836 -0.350309
v -0.175988 10.024836 -0.662723
v 0.105182 10.242788 -0.311383
v -0.285199 10.242788 0.001031
v -0.676038 10.387218 -0.487347
v -0.285656 10.387218 -0.799761
v -0.004486 10.605170 -0.448421
v -0.394867 10.605170 -0.136007
v -0.785706 10.749599 -0.624385
v -0.395325 10.749599 -0.936799
v -0.114155 10.967552 -0.585458
v -0.504536 10.967552 -0.273045
v -0.892873 11.506376 -0.208076
v -0.644602 11.791151 -0.360880
v -0.322945 11.592104 -0.209218
v -0.571216 11.307329 -0.056414
v -0.883326 11.703796 0.103337
v -0.667956 11.950832 -0.029217
v -0.388925 11.778162 0.102346
v -0.604295 11.531126 0.234901
v -0.875332 11.869113 0.364114
v -0.687512 12.084548 0.248516
v -0.444176 11.933967 0.363250
v -0.631995 11.718532 0.478848
v -0.868203 12.016521 0.596636
v -0.704950 12.203776 0.496158
v -0.493440 12.072890 0.595885
v -0.656694 11.885634 0.696363
v -0.861657 12.151895 0.810180
v -0.720964 12.313273 0.723587
v -0.538684 12.200475 0.809533
v -0.679377 12.039096 0.896125
v -0.855539 12.278394 1.009724
v -0.735928 12.415591 0.936106
v -0.580962 12.319695 1.009173
v -0.700573 12.182498 1.082791
v 1.569676 7.908931 -1.897946
v 1.925296 7.908931 -0.675682
v 1.131315 8.809750 -0.532198
v 2.258197 8.658175 -1.876960
v 2.495085 8.658175 -1.062776
v 2.010771 9.339787 -0.921864
v 1.773883 9.339787 -1.736048
v -1.898156 7.682281 -0.501095
v -1.650278 7.682281 -1.749676
v -1.255750 8.773814 -0.373560
v -2.525737 8.339324 -0.842336
v -2.360619 8.339324 -1.674050
v -1.932694 9.066424 -1.589095
v -2.097812 9.066424 -0.757381
v -3.645902 9.236170 -1.089451
v -3.664353 9.236170 -1.527748
v -3.470967 9.629845 -1.535888
v -3.452516 9.629845 -1.097592
v -4.043956 9.451636 -1.090616
v -4.060901 9.451636 -1.493133
v -3.883302 9.813174 -1.500609
v -3.866358 9.813174 -1.098093
v -4.377286 9.632067 -1.091592
v -4.392969 9.632067 -1.464146
v -4.228591 9.966692 -1.471066
v -4.212908 9.966692 -1.098512
v -4.674501 9.792949 -1.092462
v -4.689060 9.792949 -1.438300
v -4.536469 10.103578 -1.444724
v -4.521910 10.103578 -1.098886
v -4.947456 9.940699 -1.093261
v -4.960982 9.940699 -1.414564
v -4.819217 10.229290 -1.420532
v -4.805691 10.229290 -1.099229
v -5.202517 10.078762 -1.094008
v -5.215078 10.078762 -1.392384
v -5.083428 10.346762 -1.397926
v -5.070867 10.346762 -1.099550
v -5.443598 10.209260 -1.094713
v -5.455246 10.209260 -1.371419
v -5.333158 10.457795 -1.376558
v -5.321510 10.457795 -1.099853
v -5.673324 10.333610 -1.095386
v -5.684103 10.333610 -1.351442
v -5.571126 10.563598 -1.356198
v -5.560347 10.563598 -1.100142
v -5.893563 10.452825 -1.096030
v -5.903509 10.452825 -1.332290
v -5.799267 10.665030 -1.336678
v -5.789321 10.665030 -1.100419
v -6.105704 10.567656 -1.096652
v -6.114847 10.567656 -1.313842
v -6.019018 10.762735 -1.317876
v -6.009875 10.762735 -1.100686
v -6.310813 10.678681 -1.097252
v -6.319180 10.678681 -1.296005
v -6.231486 10.857200 -1.299697
v -6.223119 10.857200 -1.100944
v -6.509737 10.786359 -1.097834
v -6.517351 10.786359 -1.278707
v -6.437546 10.948817 -1.282066
v -6.429932 10.948817 -1.101194
v -2.633562 9.746958 -1.562659
v -2.615824 9.746958 -1.141294
v -3.036774 9.765682 -1.123574
v -3.051881 9.687689 -1.535359
v -2.638174 10.136206 -1.539590
v -2.622359 10.136206 -1.169940
v -2.997684 10.152901 -1.148095
v -3.013499 10.152901 -1.523790
v -2.642035 10.462161 -1.520272
v -2.627830 10.462161 -1.182820
v -2.964949 10.477157 -1.168628
v -2.979155 10.477157 -1.506081
v -2.645478 10.752799 -1.503047
v -2.632709 10.752799 -1.199695
v -2.935762 10.766280 -1.186937
v -2.948531 10.766280 -1.490289
v -2.648641 11.019715 -1.487227
v -2.637189 11.019715 -1.215192
v -2.908956 11.031804 -1.203752
v -2.920408 11.031804 -1.475787
v -2.651595 11.269134 -1.472445
v -2.641376 11.269134 -1.229674
v -2.883908 11.279922 -1.219464
v -2.894128 11.279922 -1.462236
v -2.654388 11.504881 -1.458473
v -2.645333 11.504881 -1.243361
v -2.860233 11.514441 -1.234315
v -2.869288 11.514441 -1.449427
v -2.657050 11.729524 -1.445160
v -2.649104 11.729524 -1.256404
v -2.837673 11.737912 -1.248466
v -2.845619 11.737912 -1.437222
v 3.256350 9.514495 -1.849769
v 3.277380 9.514495 -1.350211
v 2.955410 9.943710 -1.336658
v 2.934381 9.943710 -1.836215
v 3.636935 9.765268 -1.865790
v 3.657964 9.765268 -1.366233
v 3.383271 10.182892 -1.354669
v 3.362242 10.182892 -1.854227
v 4.017519 10.016042 -1.881811
v 4.038548 10.016042 -1.382254
v 3.763856 10.433665 -1.370690
v 3.742826 10.433665 -1.870248
v 4.398104 10.266814 -1.897833
v 4.419133 10.266814 -1.398275
v 4.144441 10.684440 -1.386711
v 4.123411 10.684440 -1.886269
v 4.778688 10.517588 -1.913854
v 4.799717 10.517588 -1.414296
v 4.525025 10.935211 -1.402733
v 4.503995 10.935211 -1.902290
v 5.159273 10.768362 -1.929875
v 5.180302 10.768362 -1.430317
v 4.905610 11.185986 -1.418754
v 4.884580 11.185986 -1.918311
v 5.539857 11.019134 -1.945896
v 5.560886 11.019134 -1.446339
v 5.286194 11.436759 -1.434775
v 5.265164 11.436759 -1.934332
v 5.920441 11.269908 -1.961917
v 5.941471 11.269908 -1.462360
v 5.666778 11.687531 -1.450796
v 5.645749 11.687531 -1.950354
v 6.301025 11.520681 -1.977939
v 6.322055 11.520681 -1.478381
v 6.030103 11.909820 -1.450829
v 5.983837 11.909820 -1.901214
v 2.420472 9.846837 -1.314139
v 2.399443 9.846837 -1.813696
v 2.325326 10.275373 -1.310133
v 2.304296 10.275373 -1.809691
v 2.791958 10.383839 -1.830220
v 2.812988 10.383839 -1.330662
v 2.230180 10.703911 -1.306128
v 2.209150 10.703911 -1.805686
v 2.696812 10.812376 -1.826214
v 2.717842 10.812376 -1.326657
v 2.135034 11.132446 -1.302123
v 2.114004 11.132446 -1.801680
v 2.601666 11.240911 -1.822209
v 2.622696 11.240911 -1.322651
v 2.039888 11.560984 -1.298117
v 2.018858 11.560984 -1.797675
v 2.506520 11.669449 -1.818204
v 2.527550 11.669449 -1.318646
v -2.552054 11.976393 -1.416461
v -2.563268 11.976393 -1.253214
v -2.657772 12.109818 -1.259707
v -2.646557 12.109818 -1.422953
v -2.419144 12.070976 -1.407331
v -2.430358 12.070976 -1.244084
v -2.524861 12.204401 -1.250576
v -2.513647 12.204401 -1.413823
v -2.286233 12.165558 -1.398200
v -2.297448 12.165558 -1.234953
v -2.391951 12.298983 -1.241445
v -2.380736 12.298983 -1.404692
v -2.153323 12.260141 -1.389070
v -2.164537 12.260141 -1.225823
v -2.259041 12.393566 -1.232315
v -2.247827 12.393566 -1.395562
v -2.020413 12.354725 -1.379939
v -2.031628 12.354725 -1.216692
v -2.126131 12.488150 -1.223184
v -2.114916 12.488150 -1.386431
v -1.887502 12.449306 -1.370808
v -1.898717 12.449306 -1.207562
v -1.993220 12.582731 -1.214054
v -1.982005 12.582731 -1.377301
v -1.754592 12.543890 -1.361678
v -1.765807 12.543890 -1.198431
v -1.860310 12.677315 -1.204923
v -1.849096 12.677315 -1.368170
v -1.621682 12.638473 -1.352548
v -1.632896 12.638473 -1.189301
v -1.727400 12.771897 -1.195793
v -1.716185 12.771897 -1.359040
v -1.488771 12.733055 -1.343417
v -1.499986 12.733055 -1.180170
v -1.594490 12.866480 -1.186662
v -1.583275 12.866480 -1.349909
v -1.355861 12.827639 -1.334286
v -1.367076 12.827639 -1.171039
v -1.461579 12.961063 -1.177532
v -1.450365 12.961063 -1.340778
v -1.222951 12.922220 -1.325156
v -1.234166 12.922220 -1.161909
v -1.328669 13.055645 -1.168401
v -1.317454 13.055645 -1.331648
v -1.090041 13.016803 -1.316025
v -1.101255 13.016803 -1.152778
v -1.195759 13.150228 -1.159271
v -1.184544 13.150228 -1.322517
v -0.957131 13.111385 -1.306895
v -0.968345 13.111385 -1.143648
v -1.062849 13.244810 -1.150140
v -1.051634 13.244810 -1.313387
v -2.861716 12.004844 -1.204757
v -2.926456 12.004844 -1.355037
v -2.819311 12.119582 -1.401195
v -2.754571 12.119582 -1.250915
v -2.964405 12.118534 -1.160519
v -3.029145 12.118534 -1.310799
v -2.922001 12.233273 -1.356956
v -2.857260 12.233273 -1.206676
v -3.067095 12.232224 -1.116280
v -3.131835 12.232224 -1.266560
v -3.024691 12.346963 -1.312718
v -2.959950 12.346963 -1.162438
v -3.169786 12.345916 -1.072042
v -3.234525 12.345916 -1.222322
v -3.127380 12.460654 -1.268479
v -3.062640 12.460654 -1.118199
v -3.272476 12.459607 -1.027804
v -3.337215 12.459607 -1.178084
v -3.230071 12.574346 -1.224241
v -3.165331 12.574346 -1.073961
v -3.375165 12.573297 -0.983565
v -3.439906 12.573297 -1.133845
v -3.332761 12.688035 -1.180002
v -3.268021 12.688035 -1.029722
v -3.477856 12.686988 -0.939327
v -3.542595 12.686988 -1.089607
v -3.435451 12.801726 -1.135764
v -3.370711 12.801726 -0.985484
v -3.580546 12.800677 -0.895088
v -3.645286 12.800677 -1.045368
v -3.538141 12.915416 -1.091526
v -3.473401 12.915416 -0.941246
v -3.683235 12.914369 -0.850850
v -3.747976 12.914369 -1.001130
v -3.640831 13.029107 -1.047287
v -3.576091 13.029107 -0.897007
v -3.785925 13.028059 -0.806611
v -3.850666 13.028059 -0.956891
v -3.743521 13.142797 -1.003049
v -3.678781 13.142797 -0.852769
v -3.888616 13.141749 -0.762373
v -3.953356 13.141749 -0.912653
v -3.846211 13.256488 -0.958810
v -3.781471 13.256488 -0.808530
v -6.503448 11.070154 -1.194536
v -6.572133 11.070154 -1.046017
v -6.727129 11.126824 -1.091279
v -6.635564 11.144905 -1.255634
v -6.436769 11.213209 -1.163699
v -6.505454 11.213209 -1.015180
v -6.637569 11.287960 -1.076279
v -6.568885 11.287960 -1.224797
v -6.370090 11.356262 -1.132862
v -6.438775 11.356262 -0.984343
v -6.570890 11.431013 -1.045442
v -6.502205 11.431013 -1.193961
v -6.303411 11.499317 -1.102026
v -6.372095 11.499317 -0.953507
v -6.504210 11.574068 -1.014605
v -6.435526 11.574068 -1.163124
v -6.236732 11.642370 -1.071189
v -6.305416 11.642370 -0.922670
v -6.437531 11.717121 -0.983769
v -6.368847 11.717121 -1.132287
v -6.170052 11.785424 -1.040352
v -6.238736 11.785424 -0.891833
v -6.370852 11.860175 -0.952932
v -6.302167 11.860175 -1.101451
v -6.103372 11.928478 -1.009515
v -6.172057 11.928478 -0.860997
v -6.304173 12.003229 -0.922095
v -6.235488 12.003229 -1.070614
v -6.036694 12.071533 -0.978679
v -6.105378 12.071533 -0.830160
v -6.237494 12.146284 -0.891259
v -6.168809 12.146284 -1.039777
v -5.970014 12.214586 -0.947842
v -6.038699 12.214586 -0.799323
v -6.170814 12.289337 -0.860422
v -6.102129 12.289337 -1.008941
v -5.903335 12.357641 -0.917005
v -5.972019 12.357641 -0.768487
v -6.104135 12.432392 -0.829585
v -6.035450 12.432392 -0.978104
v -5.836656 12.500694 -0.886169
v -5.905340 12.500694 -0.737650
v -6.037456 12.575445 -0.798749
v -5.968771 12.575445 -0.947267
v -5.769976 12.643749 -0.855332
v -5.838660 12.643749 -0.706813
v -5.970777 12.718500 -0.767912
v -5.902092 12.718500 -0.916431
v -5.703297 12.786803 -0.824495
v -5.771982 12.786803 -0.675977
v -5.904097 12.861554 -0.737075
v -5.835413 12.861554 -0.885594
v -6.821116 10.962626 -1.056232
v -6.863791 10.962626 -1.214201
v -6.792684 11.108743 -1.233411
v -6.957488 11.033836 -1.019392
v -7.000163 11.033836 -1.177361
v -6.929055 11.179953 -1.196571
v -6.886380 11.179953 -1.038602
v -7.093860 11.105045 -0.982552
v -7.136535 11.105045 -1.140520
v -7.065427 11.251162 -1.159730
v -7.022752 11.251162 -1.001761
v -7.230231 11.176254 -0.945711
v -7.272906 11.176254 -1.103680
v -7.201798 11.322371 -1.122890
v -7.159123 11.322371 -0.964920
v -7.366603 11.247463 -0.908871
v -7.409278 11.247463 -1.066839
v -7.338171 11.393579 -1.086049
v -7.295496 11.393579 -0.928080
v -7.502975 11.318673 -0.872030
v -7.545650 11.318673 -1.029999
v -7.474543 11.464789 -1.049209
v -7.431868 11.464789 -0.891240
v -7.639347 11.389882 -0.835190
v -7.682022 11.389882 -0.993159
v -7.610914 11.535998 -1.012368
v -7.568239 11.535998 -0.854399
v -7.775719 11.461091 -0.798349
v -7.818394 11.461091 -0.956318
v -7.747286 11.607207 -0.975528
v -7.704611 11.607207 -0.817559
v -7.912090 11.532300 -0.761509
v -7.954765 11.532300 -0.919478
v -7.883657 11.678416 -0.938687
v -7.840982 11.678416 -0.780718
v -8.048462 11.603510 -0.724668
v -8.091137 11.603510 -0.882637
v -8.020029 11.749626 -0.901847
v -7.977354 11.749626 -0.743878
v -8.184834 11.674719 -0.687828
v -8.227509 11.674719 -0.845797
v -8.156401 11.820835 -0.865006
v -8.113726 11.820835 -0.707037
v -8.321206 11.745929 -0.650987
v -8.363881 11.745929 -0.808956
v -8.292773 11.892045 -0.828166
v -8.250098 11.892045 -0.670197
v -8.457578 11.817138 -0.614147
v -8.500253 11.817138 -0.772116
v -8.429145 11.963254 -0.791325
v -8.386470 11.963254 -0.633356
v -8.593949 11.888347 -0.577306
v -8.636624 11.888347 -0.735275
v -8.565516 12.034463 -0.754485
v -8.522841 12.034463 -0.596516
v -8.730321 11.959557 -0.540466
v -8.772996 11.959557 -0.698435
v -8.701888 12.105673 -0.717644
v -8.659213 12.105673 -0.559675
v -8.866693 12.030766 -0.503625
v -8.909368 12.030766 -0.661594
v -8.838260 12.176882 -0.680804
v -8.795585 12.176882 -0.522835
v -9.003064 12.101974 -0.466785
v -9.045739 12.101974 -0.624754
v -8.974631 12.248091 -0.643963
v -8.931956 12.248091 -0.485994
v -9.139436 12.173183 -0.429944
v -9.182111 12.173183 -0.587913
v -9.111003 12.319300 -0.607123
v -9.068328 12.319300 -0.449154
v -9.275808 12.244392 -0.393104
v -9.318483 12.244392 -0.551073
v -9.247375 12.390509 -0.570282
v -9.204700 12.390509 -0.412313
v -9.412180 12.315601 -0.356263
v -9.454855 12.315601 -0.514232
v -9.383747 12.461718 -0.533442
v -9.341072 12.461718 -0.375473
v -9.548552 12.386811 -0.319423
v -9.591227 12.386811 -0.477392
v -9.520119 12.532928 -0.496601
v -9.477444 12.532928 -0.338633
v -9.684923 12.458020 -0.282582
v -9.727598 12.458020 -0.440551
v -9.656490 12.604136 -0.459761
v -9.613815 12.604136 -0.301792
v -9.821295 12.529230 -0.245742
v -9.863970 12.529230 -0.403711
v -9.792862 12.675346 -0.422921
v -9.750187 12.675346 -0.264952
v -9.957667 12.600439 -0.208902
v -10.000342 12.600439 -0.366870
v -9.929235 12.746555 -0.386080
v -9.886559 12.746555 -0.228111
v -10.094038 12.671648 -0.172061
v -10.136713 12.671648 -0.330030
v -10.065605 12.817764 -0.349240
v -10.022930 12.817764 -0.191271
v -10.230410 12.742858 -0.135221
v -10.273085 12.742858 -0.293189
v -10.201977 12.888974 -0.312399
v -10.159302 12.888974 -0.154430
v -3.160746 9.311563 -0.894363
v -3.401187 9.311563 -1.332756
v -2.808810 9.609695 -1.087387
v -3.401060 9.680581 -0.762560
v -3.641501 9.680581 -1.200953
v -3.289565 9.978713 -1.393976
v -3.049124 9.978713 -0.955584
v -3.641373 10.049599 -0.630757
v -3.881814 10.049599 -1.069150
v -3.529879 10.347731 -1.262173
v -3.289437 10.347731 -0.823781
v -3.881687 10.418616 -0.498955
v -4.122128 10.418616 -0.937347
v -3.770193 10.716748 -1.130370
v -3.529751 10.716748 -0.691978
v -4.122001 10.787634 -0.367152
v -4.362442 10.787634 -0.805544
v -4.010506 11.085766 -0.998568
v -3.770065 11.085766 -0.560175
v -4.362315 11.156651 -0.235349
v -4.602756 11.156651 -0.673741
v -4.250820 11.454783 -0.866765
v -4.010378 11.454783 -0.428372
v -4.168387 12.033099 -0.362470
v -4.389091 12.033099 -0.070564
v -4.661047 12.166064 -0.276184
v -4.440342 12.166064 -0.568090
v -4.143896 12.295461 -0.294876
v -4.317381 12.295461 -0.065423
v -4.531152 12.399978 -0.227051
v -4.357667 12.399978 -0.456503
v -4.123387 12.515162 -0.238272
v -4.257331 12.515162 -0.061118
v -4.422379 12.595858 -0.185906
v -4.288435 12.595858 -0.363061
v -4.842019 12.062354 0.014914
v -5.063705 12.062354 -0.327050
v -4.774054 12.278983 -0.514823
v -4.552368 12.278983 -0.172859
v -4.990047 12.366365 0.078696
v -5.182355 12.366365 -0.217951
v -4.931088 12.554287 -0.380840
v -4.738780 12.554287 -0.084193
v -5.114005 12.620943 0.132107
v -5.281713 12.620943 -0.126592
v -5.062589 12.784824 -0.268644
v -4.894881 12.784824 -0.009945
v -5.224533 12.847939 0.179731
v -5.370305 12.847939 -0.045132
v -5.179842 12.990385 -0.168604
v -5.034070 12.990385 0.056259
v -5.326039 13.056406 0.223468
v -5.451667 13.056406 0.029680
v -5.287524 13.179167 -0.076729
v -5.161897 13.179167 0.117059
v -5.420891 13.251207 0.264337
v -5.527694 13.251207 0.099587
v -5.388147 13.355574 0.009122
v -5.281344 13.355574 0.173873
v 2.701189 12.292824 -1.662192
v 2.630928 12.292824 -1.270875
v 2.403877 12.534329 -1.314002
v 2.379202 12.585835 -1.684907
v 2.874686 12.536632 -1.600650
v 2.814996 12.536632 -1.268216
v 2.569245 12.764085 -1.312341
v 2.628935 12.764085 -1.644775
v 3.019969 12.740794 -1.549116
v 2.969133 12.740794 -1.265988
v 2.759833 12.934512 -1.303569
v 2.810669 12.934512 -1.586696
v 3.149513 12.922836 -1.503165
v 3.106571 12.922836 -1.264003
v 2.929772 13.086473 -1.295747
v 2.972714 13.086473 -1.534909
v 3.268483 13.090020 -1.460964
v 3.232791 13.090020 -1.262179
v 3.085840 13.226031 -1.288564
v 3.121532 13.226031 -1.487350
v 1.703688 12.279854 -1.155617
v 1.558746 12.279854 -1.536505
v 1.807713 12.588274 -1.631247
v 1.952656 12.588274 -1.250359
v 1.463897 12.528257 -1.093259
v 1.338162 12.528257 -1.423672
v 1.554136 12.795807 -1.505859
v 1.679872 12.795807 -1.175446
v 1.263096 12.736271 -1.041041
v 1.153446 12.736271 -1.329186
v 1.341792 12.969593 -1.400859
v 1.451443 12.969593 -1.112714
v 1.084052 12.921745 -0.994480
v 0.988743 12.921745 -1.244938
v 1.152455 13.124552 -1.307236
v 1.247763 13.124552 -1.056779
v 0.919621 13.092081 -0.951720
v 0.837484 13.092081 -1.167565
v 0.978571 13.266861 -1.221255
v 1.060709 13.266861 -1.005409
v 0.765971 13.251250 -0.911763
v 0.696141 13.251250 -1.095266
v 0.816087 13.399840 -1.140910
v 0.885917 13.399840 -0.957407
v 7.218953 12.072103 -1.941406
v 7.216022 12.072103 -1.526041
v 7.034109 12.445523 -1.527324
v 7.037039 12.445523 -1.942689
v 7.541895 12.257009 -1.914414
v 7.539314 12.257009 -1.548473
v 7.379047 12.585996 -1.549604
v 7.381629 12.585996 -1.915544
v 7.812327 12.411848 -1.891810
v 7.810038 12.411848 -1.567258
v 7.667896 12.703625 -1.568261
v 7.670186 12.703625 -1.892813
v 8.053458 12.549911 -1.871656
v 8.051429 12.549911 -1.584008
v 7.925450 12.808512 -1.584897
v 7.927480 12.808512 -1.872545
v 8.274908 12.676706 -1.853147
v 8.273117 12.676706 -1.599391
v 8.161982 12.904837 -1.600175
v 8.163773 12.904837 -1.853931
v 8.481840 12.795187 -1.835851
v 8.480272 12.795187 -1.613765
v 8.383007 12.994846 -1.614451
v 8.384575 12.994846 -1.836537
v 8.677429 12.907175 -1.819503
v 8.676073 12.907175 -1.627351
v 8.591919 13.079924 -1.627945
v 8.593275 13.079924 -1.820097
v 6.051469 12.231803 -1.391482
v 5.948496 12.231803 -1.791955
v 6.117126 12.523216 -1.813679
v 6.251570 12.523216 -1.413944
v 5.737928 12.417349 -1.265303
v 5.618056 12.417349 -1.621714
v 5.826943 12.722025 -1.691969
v 5.946815 12.722025 -1.335559
v 5.503990 12.614844 -1.206815
v 5.396320 12.614844 -1.526945
v 5.583944 12.888507 -1.590049
v 5.691614 12.888507 -1.269919
v 5.295400 12.790942 -1.154664
v 5.198610 12.790942 -1.442444
v 5.367274 13.036950 -1.499171
v 5.464064 13.036950 -1.211391
v 5.103834 12.952667 -1.106770
v 5.017036 12.952667 -1.364841
v 5.168288 13.173279 -1.415711
v 5.255086 13.173279 -1.157640
v 4.924828 13.103788 -1.062015
v 4.847367 13.103788 -1.292324
v 4.982348 13.300669 -1.337723
v 5.059809 13.300669 -1.107413
v 4.755632 13.246628 -1.019713
v 4.686997 13.246628 -1.223783
v 4.806599 13.421076 -1.264009
v 4.875234 13.421076 -1.059939
v 4.594406 13.382739 -0.979404
v 4.534180 13.382739 -1.158470
v 4.639128 13.535813 -1.193767
v 4.699354 13.535813 -1.014701
v 5.696785 11.967145 -1.405942
v 5.634758 11.967145 -1.753986
v 5.697914 12.314803 -1.765241
v 5.759941 12.314803 -1.417197
v 5.432118 12.039001 -1.381743
v 5.378026 12.039001 -1.685264
v 5.433102 12.342186 -1.695079
v 5.487195 12.342186 -1.391558
v 5.196127 12.103072 -1.360165
v 5.149110 12.103072 -1.623987
v 5.196982 12.366603 -1.632519
v 5.243999 12.366603 -1.368697
v 4.979398 12.161914 -1.340349
v 4.938878 12.161914 -1.567712
v 4.980135 12.389026 -1.575065
v 5.020655 12.389026 -1.347702
v 4.776877 12.216898 -1.321832
v 4.742428 12.216898 -1.515127
v 4.777503 12.409979 -1.521378
v 4.811952 12.409979 -1.328083
v 2.102306 12.508094 -1.181037
v 1.982695 12.611106 -1.531530
v 2.450718 12.818427 -1.245753
v 2.150818 12.818427 -1.143407
v 2.052216 12.903346 -1.432338
v 2.352116 12.903346 -1.534683
v 2.437833 13.078301 -1.195981
v 2.191442 13.078301 -1.111896
v 2.110433 13.148068 -1.349275
v 2.356824 13.148068 -1.433360
v 2.426344 13.310019 -1.151602
v 2.227664 13.310019 -1.083800
v 2.162342 13.366276 -1.275212
v 2.361022 13.366276 -1.343015
v 2.553887 9.300406 1.158376
v 2.332803 9.300406 1.554829
v 2.091811 9.660844 1.420438
v 2.279281 9.625135 0.981883
v 2.895391 9.622435 1.364221
v 2.687413 9.622435 1.737174
v 2.460705 9.961506 1.610750
v 2.668684 9.961506 1.237797
v 3.181366 9.892099 1.536596
v 2.984361 9.892099 1.889870
v 2.769617 10.213280 1.770116
v 2.966622 10.213280 1.416842
v 3.436357 10.132546 1.690294
v 3.249137 10.132546 2.026021
v 3.045059 10.437774 1.912216
v 3.232279 10.437774 1.576489
v 3.670535 10.353368 1.831447
v 3.492302 10.353368 2.151059
v 3.298019 10.643945 2.042717
v 3.476252 10.643945 1.723105
v 3.889360 10.559713 1.963346
v 3.719524 10.559713 2.267900
v 3.534395 10.836599 2.164662
v 3.704230 10.836599 1.860108
v 4.096191 10.754748 2.088017
v 3.934293 10.754748 2.378338
v 3.757815 11.018695 2.279924
v 3.919714 11.018695 1.989603
v 4.293281 10.940598 2.206815
v 4.138946 10.940598 2.483573
v 3.970713 11.192213 2.389757
v 4.125048 11.192213 2.112999
v 4.482232 11.118771 2.320707
v 4.335147 11.118771 2.584463
v 4.174818 11.358566 2.495054
v 4.321902 11.358566 2.231298
v 4.664235 11.290393 2.430411
v 4.524134 11.290393 2.681642
v 4.371418 11.518802 2.596480
v 4.511518 11.518802 2.345248
v 4.840205 11.456327 2.536479
v 4.706858 11.456327 2.775602
v 4.561502 11.673727 2.694544
v 4.694850 11.673727 2.455421
v 5.010868 11.617257 2.639348
v 4.884069 11.617257 2.866726
v 4.745852 11.823979 2.789649
v 4.872651 11.823979 2.562271
v 5.176806 11.773732 2.739369
v 5.056376 11.773732 2.955329
v 4.925100 11.970073 2.882123
v 5.045531 11.970073 2.666163
v 5.338502 11.926207 2.836833
v 5.224277 11.926207 3.041666
v 5.099765 12.112431 2.972231
v 5.213991 12.112431 2.767399
v 5.496356 12.075056 2.931981
v 5.388187 12.075056 3.125951
v 5.270279 12.251406 3.060199
v 5.378448 12.251406 2.866229
v 5.650706 12.220602 3.025017
v 5.548460 12.220602 3.208366
v 5.437008 12.387295 3.146214
v 5.539254 12.387295 2.962866
v 5.801843 12.363119 3.116117
v 5.705398 12.363119 3.289065
v 5.600267 12.520355 3.230439
v 5.696712 12.520355 3.057490
v 5.950016 12.502842 3.205430
v 5.859256 12.502842 3.368181
v 5.760324 12.650808 3.313011
v 5.851083 12.650808 3.150260
v 6.095444 12.639976 3.293088
v 6.010266 12.639976 3.445832
v 5.944580 12.783221 3.390520
v 6.037564 12.783221 3.249695
v 2.056629 9.589427 0.543917
v 1.876496 9.747787 1.116073
v 1.687457 9.747787 0.720209
v 2.196382 10.017030 0.497023
v 2.369989 10.017030 0.860571
v 2.030954 10.162461 1.022472
v 1.857347 10.162461 0.658923
v 2.313410 10.375101 0.457754
v 2.474094 10.375101 0.794240
v 2.160297 10.509708 0.944090
v 1.999613 10.509708 0.607603
v 2.417759 10.694379 0.422740
v 2.566921 10.694379 0.735097
v 2.275626 10.819333 0.874200
v 2.126464 10.819333 0.561843
v 2.513592 10.987597 0.390583
v 2.652171 10.987597 0.680780
v 2.381541 11.103685 0.810015
v 2.242962 11.103685 0.519818
v 2.603141 11.261590 0.360535
v 2.731831 11.261590 0.630025
v 2.480513 11.369395 0.750038
v 2.351822 11.369395 0.480548
v 2.687782 11.520567 0.332134
v 2.807126 11.520567 0.582051
v 2.574060 11.620543 0.693348
v 2.454716 11.620543 0.443431
v 2.768436 11.767346 0.305070
v 2.878874 11.767346 0.536337
v 2.663201 11.859860 0.639328
v 2.552763 11.859860 0.408062
v 2.845760 12.003933 0.279125
v 2.947659 12.003933 0.492511
v 2.748661 12.089294 0.587540
v 2.646762 12.089294 0.374153
v 2.920240 12.231820 0.254133
v 3.013915 12.231820 0.450297
v 2.830979 12.310292 0.537655
v 2.737303 12.310292 0.341491
v 2.992252 12.452155 0.229969
v 3.077975 12.452155 0.409481
v 2.910568 12.523967 0.489424
v 2.824845 12.523967 0.309912
v 3.062092 12.665844 0.206535
v 3.140103 12.665844 0.369897
v 2.987756 12.731195 0.442648
v 2.909745 12.731195 0.279285
v 3.252513 12.962381 0.387549
v 3.111037 12.996854 0.454581
v 3.049732 13.072577 0.370597
v 3.187428 13.073876 0.291383
v 3.307233 13.076708 0.476165
v 3.168006 13.076708 0.562137
v 3.104452 13.186903 0.459213
v 3.243679 13.186903 0.373242
v 3.361953 13.191035 0.564781
v 3.222725 13.191035 0.650752
v 3.159171 13.301230 0.547829
v 3.298398 13.301230 0.461858
v 3.416672 13.305362 0.653397
v 3.277445 13.305362 0.739368
v 3.213891 13.415557 0.636445
v 3.353118 13.415557 0.550474
v 3.471392 13.419686 0.742013
v 3.332164 13.419686 0.827984
v 3.268610 13.529881 0.725061
v 3.407838 13.529881 0.639090
v 3.526111 13.534014 0.830629
v 3.386884 13.534014 0.916600
v 3.323330 13.644209 0.813677
v 3.462558 13.644209 0.727706
v 3.580831 13.648339 0.919245
v 3.441603 13.648339 1.005216
v 3.378050 13.758534 0.902293
v 3.517277 13.758534 0.816322
v 3.635550 13.762666 1.007861
v 3.496323 13.762666 1.093832
v 3.432769 13.872861 0.990909
v 3.571997 13.872861 0.904938
v 3.690270 13.876992 1.096477
v 3.551043 13.876992 1.182448
v 3.487489 13.987187 1.079525
v 3.626716 13.987187 0.993554
v 3.744989 13.991319 1.185093
v 3.605762 13.991319 1.271064
v 3.542208 14.101514 1.168141
v 3.681436 14.101514 1.082170
v 6.334133 12.835314 3.505544
v 6.211523 12.835314 3.613904
v 6.164065 12.982418 3.560206
v 6.286675 12.982418 3.451845
v 6.428197 12.904512 3.611976
v 6.305587 12.904512 3.720338
v 6.258130 13.051617 3.666640
v 6.380740 13.051617 3.558278
v 6.522262 12.973710 3.718409
v 6.399652 12.973710 3.826770
v 6.352194 13.120814 3.773072
v 6.474804 13.120814 3.664711
v 6.616325 13.042909 3.824843
v 6.493715 13.042909 3.933203
v 6.446258 13.190013 3.879505
v 6.568868 13.190013 3.771144
v 6.710389 13.112107 3.931275
v 6.587779 13.112107 4.039637
v 6.540321 13.259212 3.985938
v 6.662931 13.259212 3.877577
v 6.804453 13.181305 4.037708
v 6.681843 13.181305 4.146070
v 6.634386 13.328409 4.092371
v 6.756996 13.328409 3.984010
v 6.898517 13.250504 4.144141
v 6.775907 13.250504 4.252502
v 6.728449 13.397608 4.198804
v 6.851059 13.397608 4.090443
v 6.992581 13.319702 4.250574
v 6.869971 13.319702 4.358935
v 6.822513 13.466806 4.305237
v 6.945123 13.466806 4.196876
v 7.086645 13.388901 4.357007
v 6.964035 13.388901 4.465368
v 6.916577 13.536005 4.411670
v 7.039187 13.536005 4.303308
v 7.180709 13.458098 4.463440
v 7.058099 13.458098 4.571801
v 7.010641 13.605203 4.518103
v 7.133251 13.605203 4.409741
v 7.274773 13.527298 4.569873
v 7.152163 13.527298 4.678234
v 7.104705 13.674402 4.624536
v 7.227315 13.674402 4.516174
v 7.368837 13.596496 4.676305
v 7.246227 13.596496 4.784667
v 7.198769 13.743600 4.730969
v 7.321379 13.743600 4.622608
v 7.462901 13.665693 4.782739
v 7.340291 13.665693 4.891100
v 7.292833 13.812798 4.837402
v 7.415443 13.812798 4.729041
v 7.556965 13.734893 4.889172
v 7.434355 13.734893 4.997533
v 7.386898 13.881997 4.943835
v 7.509508 13.881997 4.835474
v 7.651029 13.804090 4.995605
v 7.528419 13.804090 5.103966
v 7.480961 13.951195 5.050268
v 7.603571 13.951195 4.941906
v 5.959830 12.867451 3.409872
v 6.040497 12.867451 3.267506
v 6.109929 12.974273 3.295576
v 6.043269 13.000032 3.457150
v 5.846678 12.961524 3.345758
v 5.927344 12.961524 3.203392
v 6.010783 13.094106 3.250670
v 5.930117 13.094106 3.393036
v 5.733525 13.055598 3.281644
v 5.814192 13.055598 3.139278
v 5.897631 13.188180 3.186556
v 5.816964 13.188180 3.328922
v 5.620372 13.149672 3.217530
v 5.701039 13.149672 3.075164
v 5.784478 13.282253 3.122442
v 5.703811 13.282253 3.264808
v 5.507219 13.243745 3.153416
v 5.587887 13.243745 3.011050
v 5.671326 13.376327 3.058328
v 5.590658 13.376327 3.200694
v 5.394067 13.337819 3.089302
v 5.474734 13.337819 2.946936
v 5.558173 13.470401 2.994214
v 5.477506 13.470401 3.136580
v 5.280914 13.431892 3.025188
v 5.361581 13.431892 2.882822
v 5.445020 13.564474 2.930100
v 5.364353 13.564474 3.072466
v 5.167762 13.525967 2.961075
v 5.248429 13.525967 2.818708
v 5.331868 13.658548 2.865986
v 5.251201 13.658548 3.008353
v 5.054610 13.620040 2.896960
v 5.135276 13.620040 2.754594
v 5.218715 13.752622 2.801872
v 5.138049 13.752622 2.944238
v 4.941457 13.714113 2.832846
v 5.022123 13.714113 2.690480
v 5.105562 13.846695 2.737758
v 5.024896 13.846695 2.880124
v 4.828304 13.808187 2.768733
v 4.908971 13.808187 2.626366
v 4.992410 13.940769 2.673644
v 4.911743 13.940769 2.816011
v 4.715151 13.902261 2.704619
v 4.795818 13.902261 2.562252
v 4.879257 14.034842 2.609530
v 4.798590 14.034842 2.751897
v 4.601999 13.996335 2.640505
v 4.682666 13.996335 2.498138
v 4.766105 14.128917 2.545416
v 4.685438 14.128917 2.687783
v 4.488847 14.090408 2.576391
v 4.569513 14.090408 2.434024
v 4.652952 14.222990 2.481302
v 4.572286 14.222990 2.623669
v 4.375694 14.184483 2.512277
v 4.456360 14.184483 2.369910
v 4.539799 14.317064 2.417188
v 4.459133 14.317064 2.559555
v 4.262541 14.278556 2.448163
v 4.343208 14.278556 2.305797
v 4.426647 14.411138 2.353075
v 4.345980 14.411138 2.495441
v 5.995134 12.948514 3.405274
v 5.850540 12.815988 3.292219
v 5.951329 12.815988 3.163313
v 5.974720 12.976903 3.181602
v 5.873931 12.976903 3.310508
v 5.729337 12.844378 3.197453
v 5.830126 12.844378 3.068547
v 5.853518 13.005293 3.086836
v 5.752728 13.005293 3.215743
v 5.608134 12.872767 3.102688
v 5.708923 12.872767 2.973781
v 5.732314 13.033683 2.992070
v 5.631525 13.033683 3.120977
v 5.486931 12.901155 3.007922
v 5.587720 12.901155 2.879015
v 5.611111 13.062071 2.897305
v 5.510322 13.062071 3.026211
v 5.365728 12.929545 2.913157
v 5.466517 12.929545 2.784250
v 5.489909 13.090461 2.802539
v 5.389120 13.090461 2.931446
v 5.244525 12.957934 2.818391
v 5.345315 12.957934 2.689485
v 5.368705 13.118850 2.707774
v 5.267916 13.118850 2.836680
v 5.123322 12.986323 2.723625
v 5.224112 12.986323 2.594719
v 5.247502 13.147239 2.613008
v 5.146713 13.147239 2.741914
v 5.002120 13.014712 2.628860
v 5.102909 13.014712 2.499953
v 5.126300 13.175628 2.518242
v 5.025511 13.175628 2.647149
v 4.880916 13.043101 2.534094
v 4.981705 13.043101 2.405187
v 5.005097 13.204017 2.423476
v 4.904308 13.204017 2.552383
v 4.759714 13.071491 2.439328
v 4.860503 13.071491 2.310422
v 4.883894 13.232407 2.328711
v 4.783105 13.232407 2.457618
v 4.638511 13.099880 2.344563
v 4.739300 13.099880 2.215656
v 4.762691 13.260796 2.233945
v 4.661901 13.260796 2.362852
v 2.966067 13.031327 0.355606
v 3.043175 13.075177 0.218104
v 3.088367 13.181428 0.472058
v 2.945645 13.181428 0.392022
v 3.022754 13.225278 0.254520
v 3.165476 13.225278 0.334556
v 3.067945 13.331527 0.508474
v 2.925224 13.331527 0.428438
v 3.002333 13.375377 0.290936
v 3.145054 13.375377 0.370972
v 3.047524 13.481627 0.544890
v 2.904802 13.481627 0.464854
v 2.981911 13.525476 0.327352
v 3.124633 13.525476 0.407388
v 3.027102 13.631726 0.581306
v 2.884381 13.631726 0.501269
v 2.961490 13.675576 0.363768
v 3.104211 13.675576 0.443804
v 3.006681 13.781825 0.617722
v 2.863960 13.781825 0.537685
v 2.941068 13.825675 0.400184
v 3.083790 13.825675 0.480220
v 2.986260 13.931924 0.654137
v 2.843538 13.931924 0.574101
v 2.920647 13.975774 0.436600
v 3.063369 13.975774 0.516636
v 2.965838 14.082025 0.690553
v 2.823117 14.082025 0.610517
v 2.900225 14.125875 0.473016
v 3.042947 14.125875 0.553052
v 2.945417 14.232123 0.726969
v 2.802695 14.232123 0.646933
v 2.879804 14.275973 0.509431
v 3.022526 14.275973 0.589468
v 1.558323 7.623173 -0.106275
v 1.794848 8.236467 0.430810
v 1.195230 8.236467 1.030368
v 0.866210 8.945327 0.701316
v 1.465827 8.945327 0.101757
v 0.664962 -0.237859 -0.978930
v 1.226443 1.484375 0.832519
v 1.226442 1.484375 -0.978930
v 1.616065 -0.544718 -0.975871
v 1.616065 -0.544718 0.829460
v 2.175649 1.171698 0.829460
v 2.175649 1.171698 -0.975871
v -0.692101 -0.218494 -0.982012
v -1.215399 1.522160 -0.982012
v -1.215399 1.522160 0.835601
v -1.634702 -0.501871 0.835601
v -1.634702 -0.501871 -0.982012
v -2.158000 1.238783 -0.982012
v -2.158000 1.238783 0.835601
v 1.009549 -0.614719 3.014808
v 0.065321 -0.750773 3.492660
v 0.018815 0.295108 3.698549
v 0.963044 0.431161 3.220697
v 1.259176 -0.633788 3.755931
v 0.515728 -0.740912 4.132173
v 0.479111 0.082574 4.294282
v 1.222560 0.189697 3.918040
v 3.890609 -0.564359 -1.316072
v 4.464427 -0.564359 -0.190465
v 4.416824 0.697942 -0.166198
v 3.843006 0.697942 -1.291804
v 4.682824 -0.380536 -1.552383
v 5.121052 -0.380536 -0.692752
v 5.084697 0.583490 -0.674218
v 4.646469 0.583490 -1.533850
v 5.337565 -0.228611 -1.747687
v 5.663732 -0.228611 -1.107876
v 5.636673 0.488899 -1.094082
v 5.310507 0.488899 -1.733893
v -0.728102 -0.565140 -3.971540
v 0.142406 -0.610635 -4.168330
v 0.163711 0.275860 -4.279030
v -0.706797 0.321355 -4.082241
v -0.708243 -0.483218 -4.662526
v -0.163752 -0.511674 -4.785616
v -0.150426 0.042816 -4.854858
v -0.694917 0.071273 -4.731769
v -3.989264 -0.453625 1.084796
v -4.468904 -0.453625 0.013064
v -4.434666 0.719941 -0.002258
v -3.955026 0.719941 1.069474
v -4.753613 -0.264646 1.246669
v -5.098874 -0.264646 0.475202
v -5.074229 0.580124 0.464173
v -4.728969 0.580124 1.235639
v -5.370942 -0.112018 1.377405
v -5.607669 -0.112018 0.848448
v -5.590771 0.467200 0.840886
v -5.354043 0.467200 1.369843
v -2.089248 -0.690827 0.489184
v -3.119753 -0.690827 0.820936
v -3.030442 0.351795 1.098358
v -1.999937 0.351795 0.766606
v -1.966464 -0.676820 1.766940
v -2.419838 -0.681243 1.932534
v -2.392340 -0.207429 2.020474
v -1.938966 -0.203007 1.854881
v -1.880402 -0.702400 2.142349
v -2.243253 -0.705940 2.274879
v -2.221245 -0.326730 2.345260
v -1.858394 -0.323191 2.212730
v -1.807688 -0.724012 2.459530
v -2.094056 -0.726806 2.564125
v -2.076687 -0.427528 2.619671
v -1.790319 -0.424735 2.515076
v -3.724732 -0.348922 -0.870141
v -2.850299 -0.348922 -1.264668
v -2.833644 0.609537 -1.227755
v -3.708077 0.609537 -0.833228
v 2.309653 -1.251363 -1.111575
v 3.392986 -1.251363 -1.103384
v 3.397215 -0.323515 -1.662632
v 2.313882 -0.323515 -1.670823
v 2.504296 -1.507246 -1.900138
v 3.210289 -1.507246 -1.894800
v 3.213045 -0.902580 -2.259254
v 2.507052 -0.902580 -2.264592
v 1.618779 -0.540230 4.907728
v 1.298015 -0.591449 5.107605
v 1.254930 -0.213507 5.135312
v 1.575695 -0.162288 4.935434
v 1.689097 -0.482296 5.165545
v 1.483040 -0.515199 5.293946
v 1.455362 -0.272410 5.311745
v 1.661420 -0.239507 5.183344
v 0.295340 0.547788 -0.269685
v 0.296593 1.127129 -0.461917
v -0.313796 1.127129 -0.465898
v 0.735717 8.796524 -1.463302
v -0.011149 0.935210 -0.073205
v -0.011149 0.935210 -0.073205
v -0.011149 0.935210 -0.073205
v -0.825989 8.717342 -1.434104
v -0.011149 0.935210 -0.073205
v -0.011149 0.935210 -0.073205
v -0.011149 0.935210 -0.073205
v -0.682749 8.510274 0.249440
v 0.409524 8.598799 0.276753
v -0.154992 12.140632 6.425527
v -0.240369 9.524058 -3.259928
v 0.261059 9.075358 -3.477273
v -0.238930 9.075358 -3.480534
v -0.249317 9.609695 -2.901916
v 0.024537 9.311563 -3.481675
v -0.425017 9.311563 -3.262813
v 0.005991 12.114873 6.357451
v -0.688749 12.166064 -4.556748
v -1.188177 12.033099 -4.529725
v -0.907337 12.033099 -4.295102
v -0.023668 12.008050 6.288682
v -0.181113 12.008050 6.333250
v -0.152769 12.089113 6.354794
v 0.005991 12.114873 6.357451
v 0.021619 11.931598 6.277546
v -0.149415 11.931598 6.287385
v -0.230124 9.877137 0.117171
v 0.192813 9.881551 -0.246606
v 0.007608 9.575965 -0.570107
v 2.379202 12.585835 -1.684907
v -0.456701 9.662453 -0.213272
v -3.036774 9.765682 -1.123574
v -2.615824 9.746958 -1.141294
v -2.633562 9.746958 -1.647082
v -2.808810 9.609695 -1.087387
v -3.401187 9.311563 -1.332756
v -3.160746 9.311563 -0.894363
v -4.440342 12.166064 -0.568090
v -4.389091 12.033099 -0.070564
v -4.168387 12.033099 -0.362470
v 1.982695 12.611106 -1.531530
v 2.102306 12.508094 -1.181037
v 2.403877 12.534329 -1.314002
v 6.043269 13.000032 3.457150
v 6.109929 12.974273 3.295576
v 6.040497 12.867451 3.267506
v 5.959830 12.867451 3.409872
v 5.995134 12.948514 3.405274
v 6.109929 12.974273 3.295576
v 6.037564 12.783221 3.249695
v 5.944580 12.783221 3.390520
v 3.187428 13.073876 0.291383
v 3.043175 13.075177 0.218104
v 2.966067 13.031327 0.355606
v 3.111037 12.996854 0.454581
v 1.131315 8.809750 -0.532198
v 0.409524 8.598799 0.276753
v 0.669422 7.635550 0.923902
v 1.558323 7.623173 -0.106275
v -3.030442 0.351795 1.098358
v -3.119753 -0.690827 0.820936
v -2.089248 -0.690827 0.489184
v -0.041342 1.970810 -1.190296
v -0.038933 5.321472 -1.103468
v -0.038924 3.563294 -1.119845
v -0.038924 4.536427 -1.119857
v -1.128253 1.976215 -0.073206
v 1.105954 1.976145 -0.073205
v 0.897538 0.047324 -0.051969
v -0.920036 0.047324 -0.063826
v 1.747486 7.908931 -1.286814
v -1.042393 5.504702 -0.088522
v -1.774217 7.682281 -1.125386
v 1.020294 5.504502 -0.088505
v -2.443178 8.339324 -1.258193
v -3.655127 9.236170 -1.308599
v 2.376641 8.658175 -1.469868
v 3.266865 9.514495 -1.599990
v -6.842454 10.962626 -1.135217
v -6.759906 11.117784 -1.162345
v -6.513544 10.786359 -1.188271
v 7.217487 12.072103 -1.733723
v 1.967675 12.599690 -1.390944
v 6.311540 11.520681 -1.728160
v 6.184348 12.523216 -1.613812
v 7.035574 12.445523 -1.735007
v 2.391540 12.560082 -1.499455
v 2.517035 11.669449 -1.568425
v 2.666059 12.292824 -1.466534
v 2.042500 12.559600 -1.356283
v 2.391540 12.560082 -1.499455
v -10.317012 12.960183 -0.196574
v -10.388120 12.814067 -0.177365
v 3.246135 13.356440 -1.362380
v 3.365195 13.246244 -1.341002
v 8.791567 13.160993 -1.722617
v 8.863230 13.013888 -1.722111
v 4.504655 13.645811 -1.048879
v 4.413756 13.513229 -1.018307
v 4.600334 12.429784 -1.390086
v 4.571102 12.268868 -1.384876
v 2.390335 13.544747 -1.185444
v 2.235472 13.544747 -1.132595
v -1.042393 3.568283 -0.088514
v 1.020294 3.568218 -0.088513
v -1.042393 4.536427 -0.088513
v 1.020294 4.536427 -0.088513
v -4.052428 9.451636 -1.291874
v -4.385128 9.632067 -1.277869
v -4.681780 9.792949 -1.265381
v -4.954219 9.940699 -1.253912
v -5.208797 10.078762 -1.243196
v -5.449422 10.209260 -1.233066
v -5.678714 10.333610 -1.223414
v -5.898536 10.452825 -1.214160
v -6.110275 10.567656 -1.205247
v -6.314997 10.678681 -1.196629
v 3.647450 9.765268 -1.616011
v 3.372757 10.182892 -1.604448
v 2.944895 9.943710 -1.586436
v 4.028034 10.016042 -1.632033
v 3.753341 10.433665 -1.620469
v 4.408618 10.266814 -1.648054
v 4.133926 10.684440 -1.636490
v 4.789203 10.517588 -1.664075
v 4.514510 10.935211 -1.652511
v 5.169787 10.768362 -1.680096
v 4.895095 11.185986 -1.668533
v 5.550372 11.019134 -1.696117
v 5.275679 11.436759 -1.684554
v 5.930956 11.269908 -1.712139
v 5.656263 11.687531 -1.700575
v 6.006970 11.909820 -1.676021
v 2.802473 10.383839 -1.580441
v 2.707327 10.812376 -1.576436
v 2.612181 11.240911 -1.572430
v -6.978825 11.033836 -1.098377
v -6.907717 11.179953 -1.117586
v -7.115197 11.105045 -1.061536
v -7.044089 11.251162 -1.080746
v -7.251569 11.176254 -1.024695
v -7.180461 11.322371 -1.043905
v -7.387941 11.247463 -0.987855
v -7.316833 11.393579 -1.007065
v -7.524313 11.318673 -0.951015
v -7.453205 11.464789 -0.970224
v -7.660685 11.389882 -0.914174
v -7.589577 11.535998 -0.933384
v -7.797056 11.461091 -0.877334
v -7.725948 11.607207 -0.896543
v -7.933427 11.532300 -0.840493
v -7.862319 11.678416 -0.859703
v -8.069799 11.603510 -0.803653
v -7.998692 11.749626 -0.822862
v -8.206171 11.674719 -0.766812
v -8.135063 11.820835 -0.786022
v -8.342544 11.745929 -0.729972
v -8.271436 11.892045 -0.749181
v -8.478915 11.817138 -0.693131
v -8.407807 11.963254 -0.712341
v -8.615287 11.888347 -0.656291
v -8.544179 12.034463 -0.675500
v -8.751658 11.959557 -0.619450
v -8.680551 12.105673 -0.638660
v -8.888030 12.030766 -0.582610
v -8.816922 12.176882 -0.601819
v -9.024402 12.101974 -0.545769
v -8.953294 12.248091 -0.564979
v -9.160773 12.173183 -0.508929
v -9.089665 12.319300 -0.528138
v -9.297146 12.244392 -0.472088
v -9.226038 12.390509 -0.491298
v -9.433517 12.315601 -0.435248
v -9.362410 12.461718 -0.454458
v -9.569889 12.386811 -0.398407
v -9.498781 12.532928 -0.417617
v -9.706261 12.458020 -0.361567
v -9.635153 12.604136 -0.380777
v -9.842632 12.529230 -0.324726
v -9.771524 12.675346 -0.343936
v -9.979005 12.600439 -0.287886
v -9.907897 12.746555 -0.307096
v -10.115376 12.671648 -0.251046
v -10.044268 12.817764 -0.270255
v -10.251747 12.742858 -0.214205
v -10.180639 12.888974 -0.233415
v 2.844841 12.536632 -1.434433
v 2.599090 12.764085 -1.478558
v 2.994551 12.740794 -1.407552
v 2.785251 12.934512 -1.445132
v 3.128042 12.922836 -1.383584
v 2.951243 13.086473 -1.415328
v 3.250637 13.090020 -1.361572
v 3.103686 13.226031 -1.387957
v 7.540605 12.257009 -1.731444
v 7.380338 12.585996 -1.732574
v 7.811182 12.411848 -1.729534
v 7.669041 12.703625 -1.730537
v 8.052444 12.549911 -1.727832
v 7.926465 12.808512 -1.728721
v 8.274013 12.676706 -1.726269
v 8.162877 12.904837 -1.727053
v 8.481056 12.795187 -1.724808
v 8.383791 12.994846 -1.725494
v 8.676751 12.907175 -1.723427
v 8.592597 13.079924 -1.724021
v 5.677992 12.417349 -1.443509
v 5.999982 12.231803 -1.591719
v 5.886879 12.722025 -1.513764
v 5.450155 12.614844 -1.366880
v 5.637779 12.888507 -1.429984
v 5.247005 12.790942 -1.298554
v 5.415669 13.036950 -1.355281
v 5.060435 12.952667 -1.235805
v 5.211687 13.173279 -1.286676
v 4.886097 13.103788 -1.177170
v 5.021079 13.300669 -1.222568
v 4.721314 13.246628 -1.121748
v 4.840917 13.421076 -1.161974
v 4.564293 13.382739 -1.068937
v 4.669241 13.535813 -1.104234
v 5.665772 11.967145 -1.579964
v 5.728927 12.314803 -1.591219
v 5.405072 12.039001 -1.533503
v 5.460148 12.342186 -1.543319
v 5.172618 12.103072 -1.492076
v 5.220491 12.366603 -1.500608
v 4.959138 12.161914 -1.454031
v 5.000395 12.389026 -1.461383
v 4.759653 12.216898 -1.418479
v 4.794728 12.409979 -1.424730
v 2.101517 12.860887 -1.287873
v 2.401417 12.860887 -1.390218
v 2.150938 13.113185 -1.230586
v 2.397328 13.113185 -1.314670
v 2.195003 13.338147 -1.179506
v 2.393683 13.338147 -1.247308
v -0.011149 1.981550 1.043885
v -0.011041 5.687734 0.926441
v -0.011049 3.573209 0.942818
v -0.011050 4.536427 0.942830
vn -0.1139 -0.1494 0.9822
vn 0.0155 0.9999 0.0000
vn 0.0145 -0.1181 -0.9929
vn -0.9995 0.0203 0.0243
vn -0.0038 -0.8144 0.5803
vn 0.0065 -0.0035 -1.0000
vn 0.4425 0.4284 -0.7878
vn 0.8574 -0.2301 0.4603
vn 0.9991 0.0203 0.0373
vn -0.0065 0.0568 0.9984
vn 0.0034 0.8549 -0.5187
vn -0.0065 -0.9998 -0.0185
vn -0.5921 0.6845 -0.4253
vn 0.0023 -0.0007 -1.0000
vn -0.8855 -0.2166 0.4110
vn -0.0029 0.8940 0.4481
vn 0.0146 0.9136 0.4064
vn 0.0073 -0.4977 -0.8673
vn -0.0833 0.8880 0.4522
vn 0.0065 -0.0121 -0.9999
vn 0.1064 -0.4136 -0.9042
vn -0.0142 -0.9996 -0.0244
vn 0.0045 -0.7298 -0.6837
vn 0.0057 -0.7304 -0.6830
vn 0.7224 0.3070 0.6196
vn 0.8564 -0.0850 0.5093
vn 0.7570 0.0238 0.6529
vn 0.0874 -0.0375 0.9955
vn -0.1247 -0.1056 0.9866
vn -0.0519 0.9959 -0.0741
vn -0.2786 0.9007 0.3335
vn 0.0023 0.9671 0.2543
vn -0.4250 0.6247 0.6551
vn -0.0069 0.5801 0.8145
vn -0.2899 0.4940 -0.8197
vn -0.3702 0.4089 -0.8341
vn -0.0053 0.5810 0.8139
vn -0.9785 0.1937 -0.0708
vn -0.0010 0.9889 0.1488
vn 0.9156 0.1804 0.3593
vn 0.9982 0.0587 0.0091
vn 0.0065 0.1030 -0.9947
vn -0.9983 0.0587 -0.0039
vn -0.0065 0.0143 0.9999
vn 0.9560 0.2928 0.0193
vn 0.0054 0.5527 -0.8334
vn 0.0044 0.5521 -0.8338
vn 0.0000 0.0000 1.0000
vn -0.0041 -0.7802 0.6255
vn -0.0033 -0.7804 0.6253
vn -0.1308 -0.2875 0.9488
vn -0.0007 -0.3924 0.9198
vn 0.0054 0.9998 0.0184
vn -0.0060 -0.3873 0.9219
vn 0.9879 0.1370 -0.0730
vn 0.6524 0.4560 0.6054
vn 0.4887 0.4771 -0.7305
vn 0.0008 0.0961 -0.9954
vn -0.2951 0.3544 -0.8873
vn -0.0065 0.0628 0.9980
vn 0.0638 0.9905 -0.1221
vn -0.0376 0.9844 -0.1722
vn -0.1104 -0.3285 0.9380
vn -0.7185 0.6950 0.0270
vn 0.0030 -0.8883 -0.4592
vn -0.1047 -0.8717 -0.4787
vn -0.3468 -0.1459 -0.9265
vn 0.9800 0.0537 0.1916
vn -0.2268 0.9737 -0.0193
vn 0.0062 -0.3009 -0.9536
vn 0.8844 0.1154 -0.4522
vn -0.0571 0.1107 -0.9922
vn -1.0000 -0.0000 -0.0065
vn -0.0029 0.8974 0.4412
vn 1.0000 0.0000 0.0065
vn 0.0029 -0.8974 -0.4412
vn 0.0204 0.9983 0.0546
vn -0.0118 0.9949 0.1006
vn 0.9908 0.1154 -0.0708
vn 0.4580 0.3878 -0.7999
vn -0.9239 -0.1808 -0.3372
vn -0.0062 0.9938 0.1112
vn 0.1398 0.9892 -0.0437
vn -0.0294 -0.8487 0.5280
vn -0.1201 0.8007 -0.5869
vn -0.0034 -0.8550 0.5185
vn 0.9606 0.1173 -0.2519
vn -0.3223 0.0386 0.9458
vn 0.0058 -0.4561 -0.8899
vn -0.2924 -0.3306 -0.8973
vn -0.0065 -0.1400 0.9901
vn 0.9367 0.1467 0.3180
vn -0.9951 0.0446 0.0880
vn -0.0696 0.9245 0.3748
vn 0.9233 0.3831 0.0271
vn 0.9990 0.0113 0.0431
vn 0.9299 0.3208 0.1798
vn -0.8625 0.4831 0.1507
vn -0.0349 0.9286 -0.3694
vn 0.0000 -0.4506 -0.8927
vn -0.7983 0.5808 0.1594
vn -0.0278 0.3091 0.9506
vn 0.9810 0.0994 0.1664
vn 0.0019 0.9351 -0.3543
vn -0.9828 0.0994 0.1559
vn -0.0036 -0.7363 0.6766
vn 0.9928 0.1143 -0.0361
vn -0.0941 0.0256 -0.9952
vn -0.0260 0.8332 -0.5524
vn -0.9888 0.1048 0.1058
vn 0.0272 -0.7624 0.6465
vn -0.9261 0.1705 -0.3364
vn -0.0277 0.9382 0.3450
vn 0.9429 0.1704 -0.2861
vn -0.5017 0.2281 -0.8344
vn 0.0068 -0.5809 -0.8140
vn 0.9744 0.0017 0.2249
vn 0.2425 0.0203 -0.9699
vn -0.9963 -0.0679 -0.0525
vn -0.3042 0.0136 0.9525
vn -0.0864 0.6524 0.7530
vn -0.1815 0.0738 -0.9806
vn 0.9751 0.0603 0.2133
vn 0.2315 0.0490 -0.9716
vn -0.9664 0.0592 -0.2501
vn -0.2905 0.0684 0.9544
vn 0.9962 -0.0408 0.0772
vn 0.0121 0.9008 0.4341
vn -0.9982 -0.0443 0.0404
vn -0.0001 -0.9540 -0.2999
vn -0.1664 0.2960 0.9406
vn -0.9845 0.0500 0.1683
vn 0.0105 0.9904 -0.1379
vn 0.9854 0.0386 0.1658
vn 0.0125 -0.8838 0.4677
vn -0.9856 0.0551 0.1598
vn 0.0009 0.9896 -0.1439
vn 0.9834 0.0551 0.1726
vn 0.2229 0.1706 -0.9598
vn -0.0031 -0.8793 0.4762
vn 0.5291 -0.0019 0.8486
vn -0.1357 -0.1709 0.9759
vn 0.0065 -0.5162 -0.8564
vn 0.1437 0.0537 -0.9882
vn -0.4109 0.0422 -0.9107
vn 0.3384 -0.1907 0.9215
vn -0.4947 0.1154 -0.8614
vn 0.1504 0.0767 0.9856
vn 0.0324 0.0123 -0.9994
vn -0.9123 0.0319 0.4083
vn -0.2248 -0.1154 -0.9676
vn 0.8901 0.0423 -0.4538
vn -0.1311 0.9634 0.2337
vn -0.7747 0.1815 -0.6057
vn -0.0145 0.9799 -0.1989
vn -0.1640 0.9845 0.0624
vn -0.7049 0.5861 -0.3994
vn 0.5953 0.4380 0.6736
vn 0.3538 0.7392 0.5730
vn 0.0866 0.9634 0.2536
vn -0.4196 0.0605 -0.9057
vn -0.9681 0.1815 0.1725
vn -0.7680 0.5861 0.2583
vn 0.8990 0.4380 0.0063
vn -0.7073 0.6536 0.2692
vn -0.1850 0.4220 0.8875
vn 0.6628 0.7392 0.1190
vn -0.0178 0.3831 -0.9235
vn -0.4460 0.8470 0.2892
vn 0.2898 0.9317 0.2191
vn 0.1757 0.8107 0.5584
vn -0.8621 0.4501 0.2329
vn 0.4146 0.8896 0.1918
vn -0.6440 0.7130 0.2774
vn 0.8135 0.5789 0.0559
vn -0.0769 0.5226 0.8491
vn -0.2575 0.9634 0.0741
vn -0.1253 0.1815 -0.9754
vn -0.2207 0.5861 -0.7796
vn -0.0500 0.4380 0.8976
vn -0.2345 0.6536 -0.7196
vn -0.1511 0.7392 0.6563
vn -0.2671 0.8470 -0.4596
vn -0.2330 0.9317 0.2788
vn -0.1907 0.4501 -0.8724
vn 0.1924 0.4831 0.8542
vn -0.2117 0.8896 0.4048
vn -0.2458 0.7130 -0.6567
vn -0.0953 0.5789 0.8098
vn -0.2272 0.6177 -0.7529
vn -0.7569 -0.3675 -0.5404
vn -0.0939 0.7852 -0.6121
vn 0.0884 -0.1218 0.9886
vn 0.6284 0.4531 0.6324
vn 0.3073 0.9501 0.0540
vn -0.6931 -0.0399 0.7198
vn -0.7224 -0.3070 -0.6196
vn 0.7899 0.4306 -0.4367
vn -0.2892 -0.8063 -0.5159
vn -0.7216 0.4662 -0.5119
vn 0.0814 0.2035 -0.9757
vn -0.8347 0.2030 -0.5119
vn 0.8352 -0.3860 -0.3917
vn 0.3929 -0.5217 -0.7572
vn -0.4980 0.8007 -0.3331
vn 0.4258 0.8970 0.1183
vn -0.6288 -0.6153 -0.4754
vn 0.7302 -0.0822 -0.6782
vn 0.9012 0.3420 -0.2661
vn -0.0800 0.5721 0.8163
vn -0.7594 0.6438 -0.0941
vn -0.3929 0.5217 0.7572
vn 0.0000 -1.0000 0.0000
vn 0.8248 -0.5167 -0.2298
vn 0.2571 -0.6538 0.7117
vn 0.8603 -0.3017 -0.4108
vn 0.0940 0.5203 -0.8488
vn -0.1571 0.2745 -0.9487
vn 0.6636 -0.4000 0.6321
vn 0.1201 -0.8007 0.5869
vn 0.7005 -0.6179 -0.3571
vn 0.5054 -0.6153 -0.6050
vn 0.6420 -0.0822 0.7623
vn 0.3680 0.8861 -0.2818
vn 0.2152 -0.2355 0.9478
vn -0.6369 0.5606 -0.5292
vn -0.7137 -0.7005 0.0000
vn -0.5419 -0.4075 0.7351
vn -0.0454 -0.9890 -0.1410
vn 0.0564 0.4024 -0.9137
vn 0.0519 -0.9959 0.0741
vn -0.2038 0.9763 0.0727
vn 0.7087 0.2208 0.6701
vn 0.3839 -0.9234 0.0000
vn 0.0605 0.2283 0.9717
vn 0.1049 -0.8990 0.4251
vn -0.9543 -0.2962 -0.0391
vn -0.2323 -0.9671 0.1040
vn -0.9910 -0.0522 -0.1230
vn 0.9941 -0.0633 -0.0881
vn -0.6043 0.6816 -0.4125
vn 0.1825 -0.9313 -0.3154
vn 0.2064 -0.8896 -0.4073
vn -0.0845 -0.9787 -0.1872
vn 0.3615 -0.0697 0.9298
vn -0.0058 -0.4559 0.8900
vn 0.2243 0.0674 0.9722
vn 0.9204 -0.3465 -0.1810
vn -0.0086 -0.8083 -0.5888
vn 0.6748 0.0912 -0.7323
vn -0.0001 -0.9999 0.0172
vn -0.2357 0.9710 0.0391
vn 0.2216 0.9742 -0.0434
vn -0.7885 0.1244 0.6023
vn -0.0767 -0.9823 -0.1709
vn -0.0350 0.3933 -0.9187
vn -0.1076 0.6156 0.7807
vn 0.2543 0.0609 -0.9652
vn -0.4573 -0.0573 -0.8875
vn -0.7587 0.0247 -0.6510
vn 0.3864 -0.1399 -0.9117
vn -0.3606 0.7607 -0.5397
vn -0.5175 0.0928 0.8506
vn -0.0060 0.0777 -0.9970
vn -0.7058 0.0006 -0.7085
vn 0.5291 -0.7281 0.4359
vn 0.7075 -0.0782 -0.7023
vn -0.6026 -0.7950 -0.0696
vn 0.9860 0.1135 -0.1223
vn 0.9937 0.0574 0.0966
vn -0.9947 0.0573 0.0849
vn 0.6920 -0.7090 -0.1359
vn 0.3077 0.0916 0.9471
vn -0.9874 0.1525 0.0421
vn -0.2184 -0.0906 0.9717
vn -0.0247 0.0447 -0.9987
vn -0.9967 -0.0807 0.0122
vn 0.9892 0.0232 -0.1447
vn 0.9759 0.2150 0.0370
vn -0.1104 0.1409 -0.9838
vn 0.1070 -0.0563 0.9927
vn 0.7309 0.6771 0.0860
vn -0.4242 0.6234 -0.6569
vn 0.4975 -0.1965 -0.8449
vn -0.0829 0.1378 -0.9870
vn 0.0939 -0.7852 0.6121
vn -0.9950 0.0206 0.0976
vn -0.6630 0.7372 0.1302
vn 0.5222 -0.8528 -0.0103
vn -0.7330 -0.5237 0.4341
vn -0.3980 -0.5237 -0.7532
vn -0.5326 0.0384 -0.8455
vn 0.8703 0.0384 -0.4909
vn 0.0147 0.4793 0.8775
vn -0.6608 0.5964 0.4556
vn 0.1000 -0.1286 0.9866
vn 0.3703 -0.1607 0.9149
vn -0.9318 -0.1607 0.3254
vn -0.8440 -0.5121 0.1591
vn 0.0855 0.9962 -0.0138
vn -0.9672 0.2526 -0.0257
vn 0.9681 0.2503 -0.0131
vn 0.9774 -0.2044 0.0540
vn 0.7654 0.3575 -0.5351
vn 0.4973 0.3575 0.7905
vn 0.3466 0.9007 0.2620
vn 0.1753 0.0198 0.9843
vn -0.2510 0.3469 0.9037
vn -0.8190 -0.1300 -0.5589
vn -0.8455 0.4501 0.2873
vn -0.6075 0.3198 0.7271
vn 0.7558 0.3198 0.5714
vn 0.4980 -0.8007 0.3331
vn -0.1757 -0.8107 -0.5584
vn 1.0000 0.0000 0.0000
vn -0.7787 0.0540 0.6250
vn -0.8736 0.4682 -0.1325
vn -0.8134 0.3773 -0.4428
vn 0.6723 -0.0326 -0.7395
vn 0.9964 0.0797 -0.0293
vn -0.0777 0.0797 -0.9938
vn 0.9903 0.1030 -0.0934
vn -0.9958 -0.0625 0.0674
vn -0.4525 -0.8892 0.0672
vn -0.9929 -0.1031 0.0586
vn 0.1067 -0.1031 0.9889
vn -0.1720 -0.0085 -0.9851
vn 0.9992 0.0407 0.0050
vn 0.6200 -0.0274 -0.7842
vn -0.6279 0.0221 0.7780
vn 0.4365 -0.8299 0.3474
vn -0.9924 -0.0676 0.1030
vn 0.1074 -0.1557 0.9820
vn 0.3644 -0.2006 0.9094
vn 0.9325 -0.3610 0.0087
vn -0.9505 -0.2348 0.2038
vn -0.7461 0.1352 0.6519
vn -0.6637 0.1263 -0.7372
vn 0.0711 0.9964 -0.0452
vn 0.1592 0.1971 0.9674
vn -0.9740 0.1971 0.1120
vn 0.7919 0.5927 0.1468
vn 0.0709 0.9974 -0.0121
vn 0.7185 -0.2767 0.6382
vn 0.1452 0.2748 -0.9505
vn -0.2524 0.3762 -0.8915
vn 0.4941 0.0216 -0.8692
vn -0.9837 0.1785 0.0220
vn -0.6843 0.1785 0.7070
vn -0.9998 -0.0072 0.0211
vn -0.0105 0.8927 -0.4505
vn 0.9965 0.0715 0.0431
vn 0.0064 -0.1543 -0.9880
vn 0.9980 0.0622 -0.0073
vn -0.0063 0.2787 0.9604
vn -0.9979 0.0622 -0.0203
vn -0.0841 -0.7881 0.6098
vn -0.9748 0.0047 -0.2232
vn 0.0788 0.7838 -0.6160
vn 0.9906 -0.0000 0.1366
vn -0.9906 0.0000 -0.1366
vn 0.0841 0.7881 -0.6098
vn -0.0657 -0.8422 -0.5352
vn 0.9540 -0.1394 -0.2655
vn 0.1263 0.8143 0.5666
vn -0.9573 0.0000 0.2890
vn -0.1785 -0.7864 -0.5913
vn 0.9573 0.0000 -0.2890
vn 0.1785 0.7864 0.5913
vn -0.0677 -0.8154 0.5749
vn -0.9931 -0.0000 -0.1169
vn 0.0677 0.8154 -0.5749
vn 0.9931 0.0000 0.1169
vn -0.2499 -0.7012 -0.6677
vn 0.9365 -0.0000 -0.3506
vn 0.2499 0.7012 0.6677
vn -0.9365 0.0000 0.3506
vn -0.4268 -0.3893 0.8163
vn -0.8995 0.0663 -0.4319
vn 0.3953 0.5218 -0.7560
vn 0.8679 0.0663 0.4922
vn 0.8680 0.0663 0.4922
vn -0.1036 -0.8746 -0.4737
vn 0.9687 0.0177 -0.2478
vn 0.0886 0.9100 0.4051
vn -0.9837 0.0177 0.1791
vn -0.3514 -0.5963 -0.7218
vn 0.8577 0.0165 -0.5139
vn 0.4211 0.5414 0.7277
vn -0.8991 0.0000 0.4377
vn 0.8991 0.0000 -0.4377
vn 0.3514 0.5963 0.7218
vn -0.6248 -0.2240 0.7479
vn -0.7931 0.1355 -0.5938
vn 0.5571 0.4950 -0.6668
vn 0.7254 0.1355 0.6749
vn -0.4454 -0.4632 -0.7662
vn 0.8408 0.0667 -0.5372
vn 0.4033 0.5966 0.6938
vn -0.8829 0.0667 0.4648
vn -0.2583 -0.7548 0.6029
vn -0.9955 -0.0422 -0.0847
vn 0.2082 0.6968 -0.6864
vn 0.9792 -0.0016 0.2028
vn -0.1658 -0.6734 0.7204
vn -0.9745 0.0000 -0.2243
vn 0.1658 0.6734 -0.7204
vn 0.9745 -0.0000 0.2243
vn -0.2025 -0.7568 -0.6215
vn 0.9761 0.0045 -0.2171
vn 0.1908 0.7335 0.6524
vn -0.9748 -0.0042 0.2231
vn 0.9508 0.0000 -0.3098
vn 0.2025 0.7568 0.6215
vn -0.9508 0.0000 0.3098
vn -0.0244 -0.8990 0.4373
vn -0.9985 -0.0000 -0.0556
vn 0.0244 0.8990 -0.4373
vn 0.9985 -0.0000 0.0556
vn -0.1596 -0.8103 -0.5639
vn 0.9481 -0.0072 -0.3178
vn 0.2759 0.7427 0.6101
vn -0.9622 0.0000 0.2724
vn -0.1596 -0.8102 -0.5639
vn 0.9622 -0.0000 -0.2724
vn 0.1596 0.8102 0.5639
vn 0.1596 0.8103 0.5639
vn -0.0183 -0.9798 -0.1991
vn 0.9834 0.0847 -0.1602
vn -0.0738 0.9921 0.1016
vn -0.9857 -0.0478 0.1614
vn -0.0231 -0.9834 -0.1800
vn 0.9918 -0.0000 -0.1274
vn 0.0231 0.9834 0.1800
vn -0.9918 0.0000 0.1274
vn -0.9543 -0.2705 0.1268
vn -0.3026 -0.1264 -0.9447
vn 0.9130 0.3426 -0.2214
vn 0.3024 0.0335 0.9526
vn -0.9258 -0.2680 0.2665
vn -0.2766 0.0000 -0.9610
vn 0.9258 0.2680 -0.2665
vn 0.2766 0.0000 0.9610
vn -0.5877 -0.4099 -0.6976
vn 0.7640 0.1331 -0.6313
vn 0.6085 0.3021 0.7338
vn -0.8084 0.0217 0.5883
vn -0.5623 -0.4359 -0.7027
vn 0.7808 0.0000 -0.6248
vn 0.5623 0.4359 0.7027
vn -0.7808 -0.0000 0.6248
vn -0.5464 -0.3719 -0.7505
vn 0.7413 0.0189 -0.6709
vn 0.4538 0.5524 0.6992
vn -0.7525 0.0994 0.6510
vn -0.7490 0.5387 -0.3858
vn 0.5460 0.7499 -0.3735
vn 0.7509 -0.5190 0.4084
vn -0.5713 -0.6980 0.4318
vn -0.7928 0.5255 -0.3088
vn 0.6019 0.7353 -0.3116
vn 0.7815 -0.4487 0.4335
vn -0.6132 -0.6585 0.4363
vn 0.7228 -0.6583 -0.2103
vn 0.3723 0.1357 0.9181
vn -0.4418 0.8839 0.1534
vn -0.2473 0.1437 -0.9582
vn -0.6805 -0.7202 -0.1351
vn 0.1196 0.1385 -0.9831
vn 0.2959 0.9530 0.0646
vn -0.3785 0.1155 0.9184
vn -0.4760 -0.8792 0.0200
vn -0.0775 0.0175 -0.9968
vn 0.4050 0.9142 -0.0170
vn 0.0065 0.0175 0.9998
vn 0.9991 0.0182 -0.0383
vn 0.0524 0.0660 0.9964
vn 0.9990 0.0147 -0.0424
vn 0.0526 0.0490 0.9974
vn -0.9938 0.1030 0.0418
vn -0.0394 0.0587 -0.9975
vn 0.9990 0.0143 -0.0421
vn 0.0446 0.0587 0.9973
vn 0.5494 -0.8352 -0.0231
vn 0.0421 0.0000 0.9991
vn -0.4872 0.8731 0.0205
vn -0.0421 -0.0000 -0.9991
vn -0.5494 0.8352 0.0231
vn 0.5494 -0.8353 -0.0231
vn -0.5494 0.8353 0.0231
vn 0.0362 -0.0230 0.9991
vn -0.5448 0.8377 0.0386
vn -0.0174 0.0961 -0.9952
vn -0.9753 -0.2169 0.0411
vn 0.9505 0.3081 -0.0400
vn 0.9753 0.2169 -0.0411
vn 0.5775 -0.8154 0.0397
vn -0.0685 0.0000 0.9976
vn -0.5775 0.8154 -0.0397
vn 0.0685 -0.0000 -0.9976
vn -0.6548 -0.7012 0.2821
vn -0.3956 0.0000 -0.9184
vn 0.6548 0.7012 -0.2821
vn 0.3956 -0.0000 0.9184
vn 0.8074 -0.4568 0.3734
vn -0.3350 0.0302 0.9417
vn -0.7976 0.4672 -0.3815
vn 0.4197 -0.0000 -0.9076
vn -0.4198 -0.0000 0.9076
vn -0.8074 0.4568 -0.3734
vn 0.4198 0.0000 -0.9076
vn -0.4197 0.0000 0.9076
vn -0.4346 -0.8930 0.1174
vn -0.2608 0.0000 -0.9654
vn 0.3004 0.9394 -0.1649
vn 0.2939 0.0107 0.9558
vn 0.4346 0.8930 -0.1174
vn 0.2608 0.0000 0.9654
vn -0.7039 -0.5963 0.3860
vn -0.4934 0.0027 -0.8698
vn 0.6974 0.6392 -0.3242
vn 0.4809 0.0000 0.8768
vn -0.4809 0.0000 -0.8768
vn 0.7039 0.5963 -0.3860
vn 0.7774 -0.2240 0.5878
vn -0.5545 0.1355 0.8211
vn -0.6931 0.4950 -0.5240
vn 0.6388 0.1355 -0.7573
vn -0.7436 -0.4632 0.4821
vn -0.5774 0.0667 -0.8137
vn 0.6734 0.5966 -0.4366
vn 0.5072 0.0667 0.8593
vn 0.7893 -0.5974 0.1417
vn -0.1108 0.0727 0.9912
vn -0.6431 0.7654 0.0240
vn 0.1734 0.0629 -0.9828
vn -0.1107 0.0727 0.9912
vn -0.6589 0.7429 -0.1183
vn 0.2411 0.0727 -0.9678
vn -0.6637 -0.7041 0.2526
vn -0.4092 0.0505 -0.9110
vn 0.5545 0.8050 -0.2110
vn 0.3000 0.0505 0.9526
vn 0.4967 -0.8679 0.0035
vn 0.0526 0.0291 0.9982
vn -0.3773 0.9261 -0.0027
vn 0.0667 0.0291 -0.9973
vn -0.4415 -0.8878 0.1300
vn -0.3749 0.0951 -0.9222
vn 0.5072 0.8448 -0.1706
vn 0.2868 -0.0479 0.9568
vn -0.6017 -0.7727 0.2024
vn -0.3654 0.0361 -0.9301
vn 0.2709 0.0361 0.9619
vn -0.1565 -0.9874 0.0212
vn -0.2428 0.1503 -0.9584
vn 0.2850 0.9565 -0.0628
vn 0.0141 -0.0734 0.9972
vn -0.2578 -0.9651 0.0459
vn -0.2546 0.0150 -0.9669
vn 0.0982 0.9950 -0.0175
vn 0.0951 0.0150 0.9954
vn 0.0983 0.9950 -0.0175
vn -0.2578 -0.9651 0.0460
vn 0.3637 -0.2196 0.9053
vn -0.9317 0.1034 0.3483
vn -0.3069 0.3785 -0.8732
vn 0.9809 -0.0372 -0.1909
vn 0.3187 -0.1630 0.9337
vn -0.3001 0.3698 -0.8793
vn 0.9502 0.1034 -0.2939
vn 0.5489 -0.7778 0.3061
vn -0.4687 0.0160 0.8832
vn -0.5125 0.8099 -0.2854
vn 0.5273 0.0105 -0.8496
vn -0.5125 0.8097 -0.2858
vn 0.5051 0.0160 -0.8629
vn -0.4656 0.0714 0.8821
vn -0.4651 0.8393 -0.2815
vn 0.5038 -0.0210 -0.8636
vn 0.8538 -0.3238 -0.4077
vn 0.4048 0.1186 0.9067
vn -0.8280 0.3977 0.3954
vn -0.4177 0.0369 -0.9078
vn 0.4435 0.0369 0.8955
vn 0.2401 -0.7548 0.6105
vn -0.8497 -0.0423 0.5256
vn -0.3842 0.6665 -0.6388
vn 0.8391 -0.0016 -0.5440
vn 0.3884 -0.6734 0.6290
vn -0.8509 -0.0000 0.5254
vn -0.3884 0.6734 -0.6290
vn 0.8509 0.0000 -0.5254
vn 0.2900 -0.8990 0.3282
vn -0.7493 0.0000 0.6622
vn -0.2900 0.8990 -0.3282
vn 0.7493 -0.0000 -0.6622
vn -0.5099 -0.8102 -0.2889
vn 0.4511 -0.0072 -0.8925
vn 0.6251 0.7427 0.2400
vn -0.4930 0.0000 0.8700
vn 0.4930 0.0000 -0.8700
vn 0.5099 0.8102 0.2889
vn 0.5099 0.8103 0.2889
vn -0.5099 -0.8103 -0.2889
vn -0.2028 -0.9683 -0.1457
vn 0.6662 -0.0455 -0.7444
vn 0.0189 0.9921 0.1242
vn -0.6545 0.0721 0.7526
vn -0.1430 -0.9834 -0.1118
vn 0.6159 0.0000 -0.7878
vn 0.1430 0.9834 0.1118
vn -0.6159 -0.0000 0.7878
vn -0.1429 -0.9834 -0.1118
vn 0.6160 0.0000 -0.7878
vn 0.1429 0.9834 0.1118
vn -0.6160 -0.0000 0.7878
vn -0.5348 -0.2010 0.8207
vn -0.8722 0.0000 -0.4891
vn 0.4525 0.2865 -0.8445
vn 0.8846 0.0335 0.4651
vn -0.4712 -0.2680 0.8403
vn 0.4712 0.2680 -0.8403
vn 0.8722 0.0000 0.4891
vn 0.5683 -0.6345 0.5239
vn -0.6201 0.2211 0.7528
vn -0.3328 0.9269 -0.1734
vn 0.8522 0.1390 -0.5044
vn -0.2996 -0.9541 -0.0043
vn 0.0369 0.0056 0.9993
vn 0.3129 0.9498 -0.0000
vn 0.0029 -0.0009 -1.0000
vn 0.2755 -0.9613 -0.0070
vn 0.0000 0.0000 -1.0000
vn -0.2879 0.9577 -0.0000
vn -0.0302 0.0063 0.9995
vn 0.0841 -0.9946 -0.0601
vn -0.8266 -0.1552 0.5410
vn 0.0140 0.9437 0.3304
vn 0.9448 0.1019 -0.3115
vn 0.1111 -0.9918 -0.0629
vn -0.8075 -0.1483 0.5710
vn 0.0248 0.9475 0.3188
vn 0.9434 0.1040 -0.3151
vn 0.1113 -0.9915 -0.0671
vn -0.8091 -0.1443 0.5696
vn 0.0309 0.9461 0.3225
vn 0.9443 0.1085 -0.3107
vn 0.1965 -0.9754 -0.1001
vn 0.6062 0.0076 0.7953
vn 0.1223 0.9905 -0.0624
vn -0.2875 0.0076 -0.9578
vn 0.2427 -0.9622 -0.1237
vn 0.6478 0.0098 0.7617
vn 0.1693 0.9818 -0.0863
vn -0.2358 0.0098 -0.9717
vn -0.0550 -0.9926 -0.1085
vn 0.8964 -0.0937 -0.4333
vn -0.0199 0.9272 -0.3741
vn -0.9992 0.0063 -0.0386
vn -0.0788 -0.9897 -0.1196
vn 0.8881 -0.0779 -0.4530
vn -0.0326 0.9325 -0.3596
vn -0.9994 0.0207 -0.0263
vn -0.2192 -0.9707 0.0981
vn -0.5902 0.0067 -0.8072
vn -0.1622 0.9841 0.0726
vn 0.2088 0.0067 0.9779
vn 0.0302 -0.9959 0.0856
vn -0.7822 -0.0915 0.6163
vn 0.1886 0.7952 0.5763
vn 0.9943 -0.0931 0.0517
vn -0.0165 -0.9976 -0.0670
vn -0.8900 -0.0359 0.4545
vn 0.0987 0.9491 0.2991
vn 0.9745 -0.0178 -0.2238
vn -0.0139 -0.9978 -0.0648
vn -0.8892 -0.0331 0.4563
vn 0.0991 0.9498 0.2967
vn 0.9744 -0.0149 -0.2244
vn -0.1689 -0.9118 -0.3743
vn 0.6934 0.0157 -0.7204
vn -0.1367 0.9432 -0.3029
vn -0.9989 0.0157 0.0431
vn -0.0023 -0.9513 0.3081
vn 0.9753 -0.1173 -0.1872
vn 0.0053 0.7168 -0.6973
vn -0.9723 -0.1173 -0.2019
vn 0.2329 -0.9621 0.1421
vn -0.6805 -0.1423 0.7188
vn 0.0272 0.9534 0.3004
vn 0.9520 0.1185 -0.2821
vn 0.2454 -0.9580 0.1483
vn -0.6764 -0.1303 0.7249
vn 0.0271 0.9570 0.2887
vn 0.9489 0.1293 -0.2879
vn -0.3046 -0.0000 0.9525
vn -0.9784 -0.0605 -0.1977
vn 0.2426 -0.0000 -0.9701
vn 0.9748 -0.0000 0.2232
vn -0.2486 -0.0405 -0.9678
vn -0.2563 0.0635 -0.9645
vn -0.0984 -0.1052 -0.9896
vn 0.9793 -0.0000 -0.2023
vn -0.9966 -0.0000 0.0829
vn 0.9818 0.0960 -0.1636
vn 0.2995 0.9518 -0.0660
vn -0.1630 -0.9864 0.0221
vn -0.4558 -0.8799 0.1342
vn -0.7585 0.6516 0.0100
vn 0.3722 0.9087 -0.1890
vn -0.5291 0.8477 0.0375
vn -0.4731 -0.8782 0.0702
vn 0.9598 -0.2756 0.0530
vn 0.0925 0.9956 -0.0149
vn 0.5175 -0.8556 -0.0102
vn 0.6622 -0.7380 -0.1300
vn -0.5809 -0.8112 -0.0671
vn 0.9390 -0.3379 0.0636
vn 0.9919 -0.0556 0.1142
vn -0.9955 -0.0890 0.0339
vn -0.9315 -0.3636 0.0127
vn -0.9955 0.0565 0.0758
vn 0.9797 0.0560 -0.1925
vn -0.9965 0.0007 0.0837
vn 0.9789 0.0019 -0.2045
vn 0.1070 -0.0000 0.9943
vn 0.1015 0.0658 0.9927
vn 0.1070 0.0141 0.9942
usemtl Material
s off
f 50//81 43//81 2309//81 44//81
f 1980//82 1986//82 1979//82
f 46//83 48//83 45//83 2134//83
f 384//84 385//84 381//84 380//84
f 383//85 384//85 380//85 379//85
f 46//86 47//86 48//86
f 624//87 330//87 296//87
f 267//88 1979//88 270//88
f 382//89 379//89 375//89 378//89
f 50//90 44//90 49//90
f 381//91 382//91 378//91 377//91
f 1978//92 267//92 268//92
f 251//93 2074//93 259//93 1985//93
f 380//84 381//84 377//84 376//84
f 1980//94 1978//94 1985//94
f 268//95 269//95 1987//95
f 269//96 270//96 1987//96
f 270//97 1979//97 1987//97
f 1979//82 1986//82 1987//82
f 271//98 272//98 66//98
f 281//99 282//99 1020//99
f 295//100 624//100 296//100
f 65//101 271//101 66//101 2135//101
f 1985//102 1978//102 268//102
f 275//103 295//103 296//103
f 275//104 296//104 276//104
f 379//85 380//85 376//85 375//85
f 279//105 1973//105 1012//105
f 1973//106 63//106 1012//106
f 1973//107 279//107 63//107
f 279//108 280//108 63//108
f 280//109 64//109 2310//109 63//109
f 378//89 375//89 371//89 374//89
f 377//91 378//91 374//91 373//91
f 376//84 377//84 373//84 372//84
f 375//85 376//85 372//85 371//85
f 374//89 371//89 367//89 370//89
f 274//110 1020//110 273//110
f 660//111 648//111 2089//111 649//111
f 1020//112 282//112 1013//112
f 373//91 374//91 370//91 369//91
f 372//84 373//84 369//84 368//84
f 281//113 1020//113 280//113
f 371//85 372//85 368//85 367//85
f 370//89 367//89 363//89 366//89
f 369//91 370//91 366//91 365//91
f 368//84 369//84 365//84 364//84
f 367//85 368//85 364//85 363//85
f 328//114 278//114 277//114
f 298//115 329//115 624//115
f 298//116 624//116 295//116
f 327//117 328//117 277//117
f 2082//118 2085//118 329//118
f 362//119 413//119 361//119
f 439//120 291//120 442//120
f 366//89 363//89 359//89 362//89
f 365//91 366//91 362//91 361//91
f 364//84 365//84 361//84 360//84
f 363//85 364//85 360//85 359//85
f 358//121 355//121 351//121 354//121
f 357//122 358//122 354//122 353//122
f 356//123 357//123 353//123 352//123
f 355//124 356//124 352//124 351//124
f 330//125 327//125 277//125
f 354//121 351//121 347//121 350//121
f 353//122 354//122 350//122 349//122
f 290//126 411//126 412//126
f 290//127 289//127 411//127
f 1074//128 2104//128 2103//128 1075//128
f 352//123 353//123 349//123 348//123
f 351//124 352//124 348//124 347//124
f 361//119 413//119 414//119
f 350//121 347//121 343//121 346//121
f 288//129 359//129 360//129
f 349//122 350//122 346//122 345//122
f 348//123 349//123 345//123 344//123
f 347//124 348//124 344//124 343//124
f 346//121 343//121 339//121 342//121
f 288//130 287//130 359//130
f 345//122 346//122 342//122 341//122
f 344//123 345//123 341//123 340//123
f 343//124 344//124 340//124 339//124
f 342//121 339//121 335//121 338//121
f 292//131 439//131 440//131
f 292//132 291//132 439//132
f 341//122 342//122 338//122 337//122
f 442//133 449//133 441//133
f 340//123 341//123 337//123 336//123
f 356//134 355//134 455//134
f 339//124 340//124 336//124 335//124
f 325//135 577//135 554//135
f 551//136 325//136 554//136
f 294//137 448//137 449//137
f 338//121 335//121 331//121 334//121
f 294//138 293//138 448//138
f 293//139 447//139 448//139
f 337//122 338//122 334//122 333//122
f 336//123 337//123 333//123 332//123
f 335//124 336//124 332//124 331//124
f 334//121 331//121 327//121 330//121
f 326//140 325//140 551//140
f 554//141 577//141 553//141
f 577//142 578//142 553//142
f 456//143 356//143 455//143
f 333//122 334//122 330//122 329//122
f 578//144 552//144 553//144
f 332//123 333//123 329//123 328//123
f 324//145 323//145 576//145
f 323//146 575//146 576//146
f 331//124 332//124 328//124 327//124
f 508//147 357//147 507//147
f 355//148 458//148 455//148
f 1257//149 1258//149 1309//149 2151//149
f 357//150 508//150 358//150
f 508//151 509//151 358//151
f 409//152 834//152 410//152
f 326//153 323//153 319//153 322//153
f 325//154 326//154 322//154 321//154
f 324//155 325//155 321//155 320//155
f 323//156 324//156 320//156 319//156
f 322//153 319//153 315//153 318//153
f 321//154 322//154 318//154 317//154
f 509//157 510//157 458//157
f 510//158 457//158 458//158
f 320//155 321//155 317//155 316//155
f 410//159 835//159 776//159
f 410//160 834//160 835//160
f 2081//128 2094//128 2095//128 897//128
f 319//156 320//156 316//156 315//156
f 318//153 315//153 311//153 314//153
f 409//161 408//161 833//161
f 775//162 776//162 836//162
f 776//163 835//163 836//163
f 317//154 318//154 314//154 313//154
f 408//164 773//164 774//164
f 835//165 897//165 836//165
f 316//155 317//155 313//155 312//155
f 408//166 407//166 773//166
f 436//167 723//167 724//167
f 315//156 316//156 312//156 311//156
f 683//168 438//168 682//168
f 435//169 723//169 436//169
f 723//170 435//170 722//170
f 438//171 437//171 682//171
f 437//172 685//172 682//172
f 314//153 311//153 307//153 310//153
f 313//154 314//154 310//154 309//154
f 312//155 313//155 309//155 308//155
f 311//156 312//156 308//156 307//156
f 684//173 722//173 683//173
f 310//153 307//153 303//153 306//153
f 309//154 310//154 306//154 305//154
f 308//155 309//155 305//155 304//155
f 307//156 308//156 304//156 303//156
f 306//153 303//153 299//153 302//153
f 305//154 306//154 302//154 301//154
f 304//155 305//155 301//155 300//155
f 303//156 304//156 300//156 299//156
f 302//153 299//153 2084//153 2082//153
f 301//174 302//174 2082//174 297//174
f 660//175 649//175 644//175
f 300//176 301//176 297//176 2083//176
f 299//156 300//156 2083//156 2084//156
f 294//177 291//177 2080//177 2071//177
f 661//178 658//178 647//178
f 293//179 294//179 2071//179 2075//179
f 1075//180 2106//180 2108//180 1028//180
f 292//181 293//181 2075//181 2079//181
f 291//182 292//182 2079//182 2080//182
f 290//183 287//183 283//183 286//183
f 289//184 290//184 286//184 285//184
f 288//185 289//185 285//185 284//185
f 287//186 288//186 284//186 283//186
f 286//187 283//187 279//187 282//187
f 1026//188 1027//188 1022//188
f 285//189 286//189 282//189 281//189
f 284//190 285//190 281//190 280//190
f 283//191 284//191 280//191 279//191
f 278//192 275//192 271//192 274//192
f 277//193 278//193 274//193 273//193
f 276//194 277//194 273//194 272//194
f 1542//195 1543//195 1140//195
f 275//196 276//196 272//196 271//196
f 2145//197 63//197 247//197 2178//197
f 2135//198 66//198 250//198 2137//198
f 2143//199 65//199 249//199 2177//199
f 2310//200 64//200 248//200 2312//200
f 1107//201 1141//201 1016//201
f 1017//202 1142//202 1014//202
f 2176//203 59//203 43//203 2139//203
f 2136//204 62//204 46//204 2134//204
f 2175//205 61//205 45//205 2138//205
f 2311//206 60//206 44//206 2309//206
f 58//207 55//207 267//207 270//207
f 57//208 58//208 270//208 269//208
f 56//209 57//209 269//209 268//209
f 55//210 56//210 268//210 267//210
f 1257//211 1307//211 1256//211
f 2076//128 263//128 259//128 2072//128
f 2077//128 2076//128 2072//128 2073//128
f 2078//128 2077//128 2073//128 2074//128
f 263//128 2078//128 2074//128 259//128
f 54//212 51//212 255//212 258//212
f 53//213 54//213 258//213 257//213
f 52//214 53//214 257//214 256//214
f 51//215 52//215 256//215 255//215
f 258//216 255//216 251//216 2070//216
f 257//217 258//217 2070//217 2069//217
f 256//218 257//218 2069//218 2068//218
f 1469//219 1157//219 1472//219
f 255//220 256//220 2068//220 251//220
f 246//221 245//221 244//221 243//221
f 1541//222 1139//222 1138//222
f 242//223 241//223 240//223 239//223
f 1101//224 1162//224 1159//224
f 238//225 237//225 236//225 235//225
f 234//226 233//226 232//226 231//226
f 1212//227 1213//227 1104//227
f 226//128 225//128 224//128 223//128
f 1515//228 1544//228 1514//228
f 1516//229 1513//229 1137//229
f 222//128 221//128 220//128 219//128
f 218//230 217//230 216//230 215//230
f 214//231 213//231 212//231 211//231
f 210//232 209//232 208//232 207//232
f 198//233 197//233 196//233 195//233
f 194//234 193//234 192//234 191//234
f 1594//235 1472//235 1491//235
f 1492//236 2154//236 1594//236 1491//236
f 190//237 189//237 188//237 187//237
f 186//238 185//238 184//238 183//238
f 182//239 181//239 180//239 179//239
f 2173//240 2174//240 176//240 175//240
f 1490//241 1491//241 1156//241
f 2171//242 173//242 172//242 2172//242
f 2169//243 169//243 168//243 2170//243
f 2167//244 165//244 164//244 2168//244
f 162//245 161//245 160//245 159//245
f 1593//246 1492//246 1489//246
f 2165//247 157//247 156//247 2166//247
f 1447//248 1436//248 1431//248
f 154//249 153//249 152//249 151//249
f 150//250 149//250 148//250 147//250
f 1593//251 1471//251 1492//251
f 2163//252 145//252 144//252 2164//252
f 142//253 141//253 140//253 139//253
f 138//254 137//254 136//254 135//254
f 134//255 133//255 132//255 131//255
f 130//256 129//256 128//256 127//256
f 122//257 121//257 120//257 119//257
f 118//258 117//258 116//258 115//258
f 114//259 113//259 112//259 111//259
f 110//260 109//260 108//260 107//260
f 106//261 105//261 104//261 103//261
f 102//262 101//262 100//262 99//262
f 98//263 97//263 96//263 95//263
f 94//264 93//264 92//264 91//264
f 90//265 89//265 88//265 87//265
f 1448//266 1445//266 1434//266
f 86//267 85//267 84//267 83//267
f 82//268 81//268 80//268 79//268
f 78//269 77//269 76//269 75//269
f 74//270 73//270 72//270 71//270
f 2034//271 2035//271 2133//271 1988//271
f 1988//272 2133//272 2132//272 2020//272
f 2020//273 2132//273 2131//273 2023//273
f 282//128 2128//128 2127//128 1013//128
f 1013//274 2127//274 2130//274 1012//274
f 1610//275 1684//275 1609//275
f 1680//276 1830//276 1681//276
f 1012//277 2130//277 2129//277 279//277
f 1939//128 2125//128 2124//128 1940//128
f 1940//128 2124//128 2123//128 1733//128
f 1610//278 1607//278 1683//278
f 1733//279 2123//279 2126//279 1732//279
f 1830//280 2119//280 2120//280 1831//280
f 1831//281 2120//281 2121//281 2117//281
f 2117//282 2121//282 2122//282 2118//282
f 1894//283 2115//283 2118//283 1830//283
f 1732//284 2126//284 2125//284 1939//284
f 1894//285 1833//285 1832//285
f 1831//128 2117//128 2116//128 1832//128
f 2154//286 2161//286 2112//286 1594//286
f 1594//128 2112//128 2101//128 1472//128
f 2158//128 2162//128 2114//128 1471//128
f 1436//128 2109//128 2111//128 1433//128
f 1433//287 2111//287 2110//287 1448//287
f 1448//288 2110//288 1435//288 1447//288
f 1028//289 2108//289 2107//289 1027//289
f 1027//290 2107//290 1076//290 1073//290
f 1073//291 1076//291 2106//291 1075//291
f 1732//292 1939//292 1731//292
f 1073//293 2105//293 2104//293 1074//293
f 441//294 2098//294 2102//294 450//294
f 450//295 2102//295 2100//295 449//295
f 1727//296 1726//296 1730//296
f 897//297 2095//297 2096//297 834//297
f 834//128 2096//128 2092//128
f 2092//298 2096//298 2097//298 2093//298
f 2093//299 2097//299 2094//299 2081//299
f 834//128 2092//128 2088//128 835//128
f 835//300 2088//300 2081//300 897//300
f 2000//301 2001//301 2053//301
f 649//128 2089//128 2091//128 646//128
f 646//302 2091//302 2090//302 661//302
f 661//303 2090//303 648//303 660//303
f 329//304 2085//304 297//304 624//304
f 624//293 297//293 2086//293 2083//293
f 2083//305 2086//305 2087//305 2084//305
f 2084//306 2087//306 2085//306 2082//306
f 1982//307 1981//307 2052//307
f 624//308 2083//308 297//308 330//308
f 2032//309 2033//309 1989//309
f 330//310 297//310 2082//310 329//310
f 1020//311 2075//311 2071//311 273//311
f 273//312 2071//312 2080//312 1013//312
f 2069//313 263//313 2076//313 2068//313
f 1988//314 2032//314 1989//314
f 2023//315 2034//315 1991//315
f 2053//316 2001//316 1982//316 2052//316
f 2144//317 1019//317 65//317 2143//317
f 2068//128 2076//128 2077//128 2074//128
f 2033//318 2020//318 2021//318
f 2141//319 2138//319 45//319 48//319
f 2139//320 2140//320 47//320 46//320
f 2074//128 2077//128 2078//128 2073//128
f 1985//321 259//321 2072//321 1980//321
f 1980//322 2072//322 2073//322 2069//322
f 1013//323 2080//323 2079//323 2075//323 1020//323
f 2021//324 2048//324 2049//324
f 2001//325 2002//325 1983//325 1982//325
f 2068//326 2074//326 251//326
f 1991//327 2034//327 1988//327
f 2142//328 2145//328 66//328 1011//328
f 1980//329 2069//329 2070//329 1986//329
f 1986//330 2070//330 251//330 1985//330
f 2073//128 2078//128 263//128 2069//128
f 2140//331 2141//331 48//331 47//331
f 2022//332 2023//332 1991//332 1990//332
f 2002//333 2003//333 1984//333 1983//333
f 1018//334 64//334 280//334 1020//334
f 1989//335 2033//335 2021//335 2049//335
f 2003//336 2054//336 2055//336 1984//336
f 2023//128 2131//128 2035//128 2034//128
f 70//337 69//337 68//337 67//337
f 1990//338 1989//338 2049//338 2050//338
f 1019//339 274//339 271//339 65//339
f 2022//340 2051//340 2048//340 2021//340
f 272//341 273//341 1011//341 66//341
f 2051//342 2022//342 1990//342 2050//342
f 1609//343 1976//343 1975//343 1608//343
f 1027//344 1073//344 1023//344 1022//344
f 1981//345 1984//345 2055//345 2052//345
f 1974//346 1607//346 1608//346 1975//346
f 1683//347 1607//347 1974//347 1977//347
f 2147//348 2146//348 1021//348 1025//348
f 296//349 330//349 277//349 276//349
f 290//350 362//350 359//350 287//350
f 288//351 360//351 361//351 289//351
f 2149//352 1106//352 1015//352 2148//352
f 1106//353 1107//353 1016//353 1015//353
f 328//354 623//354 275//354 278//354
f 1410//355 1025//355 1021//355 1024//355
f 1108//356 1105//356 1014//356 1142//356
f 575//357 323//357 552//357 578//357
f 324//358 576//358 577//358 325//358
f 442//359 291//359 294//359 449//359
f 1140//360 1543//360 1516//360 1137//360
f 1544//361 1541//361 1138//361 1514//361
f 1074//362 1024//362 1023//362 1073//362
f 1685//363 1683//363 1977//363 1976//363
f 2000//364 2053//364 2054//364 2003//364
f 1472//365 1157//365 1156//365 1491//365
f 2020//366 2033//366 2032//366 1988//366
f 292//367 440//367 974//367 293//367
f 1141//368 1142//368 1017//368 1016//368
f 2153//369 1514//369 1138//369 2155//369
f 1445//370 1446//370 1430//370 1429//370
f 642//371 658//371 659//371 643//371
f 1447//372 1431//372 1430//372 1446//372
f 660//373 644//373 643//373 659//373
f 1075//374 1410//374 1024//374 1074//374
f 1684//375 1685//375 1976//375 1609//375
f 1158//376 1593//376 1489//376 1155//376
f 1445//377 1429//377 1432//377 1434//377
f 647//378 658//378 642//378 645//378
f 1489//379 1490//379 1156//379 1155//379
f 2156//380 2157//380 1516//380 1543//380
f 289//381 361//381 414//381 411//381
f 290//382 412//382 413//382 362//382
f 2160//383 1470//383 1158//383 2159//383
f 1431//384 1436//384 1433//384 1432//384
f 649//385 646//385 645//385 644//385
f 1447//386 1435//386 2109//386 1436//386
f 1593//387 1158//387 1470//387 1471//387
f 1028//388 1025//388 1410//388 1075//388
f 298//389 295//389 275//389 623//389
f 974//390 440//390 441//390 450//390
f 661//391 647//391 645//391 646//391
f 1433//392 1448//392 1434//392 1432//392
f 1832//393 2116//393 2115//393 1894//393
f 1471//394 2114//394 2113//394 1492//394
f 449//395 2100//395 2099//395 2098//395 441//395
f 326//396 551//396 552//396 323//396
f 329//397 298//397 623//397 328//397
f 447//398 293//398 974//398 450//398
f 1773//399 1770//399 1679//399 1832//399
f 358//400 509//400 458//400 355//400
f 1104//401 1213//401 1162//401 1101//401
f 436//402 724//402 685//402 437//402
f 722//403 435//403 438//403 683//403
f 2152//404 2150//404 1308//404 1070//404
f 507//405 357//405 356//405 456//405
f 1211//406 1103//406 1102//406 1160//406
f 1309//407 1258//407 1070//407 1308//407
f 407//408 410//408 776//408 773//408
f 1726//409 1940//409 1733//409 1730//409
f 1771//410 1772//410 1830//410 1680//410
f 1770//411 1771//411 1680//411 1679//411
f 408//412 774//412 775//412 833//412
f 1256//413 1307//413 1069//413 1072//413
f 1731//414 1728//414 1727//414 1730//414
f 1102//415 1101//415 1159//415 1160//415
f 1212//416 1104//416 1103//416 1211//416
f 1939//417 1729//417 1728//417 1731//417
f 1939//418 1940//418 1726//418 1729//418
f 1833//419 1772//419 1773//419 1832//419
f 1214//420 1211//420 1160//420 1161//420
f 457//421 510//421 507//421 456//421
f 1255//422 1256//422 1072//422 1071//422
f 1214//423 1161//423 1162//423 1213//423
f 2118//424 2122//424 2119//424 1830//424
f 279//128 2129//128 2128//128 282//128
f 1258//425 1255//425 1071//425 1070//425
f 1681//282 1830//282 1831//282 1682//282
f 409//426 833//426 897//426 834//426
f 1832//427 1679//427 1682//427 1831//427
f 833//428 775//428 836//428 897//428
f 1772//429 1833//429 1894//429 1830//429
f 385//91 386//91 382//91 381//91
f 386//89 383//89 379//89 382//89
f 387//85 388//85 384//85 383//85
f 388//84 389//84 385//84 384//84
f 389//91 390//91 386//91 385//91
f 390//89 387//89 383//89 386//89
f 391//85 392//85 388//85 387//85
f 392//84 393//84 389//84 388//84
f 393//91 394//91 390//91 389//91
f 394//89 391//89 387//89 390//89
f 395//85 396//85 392//85 391//85
f 396//84 397//84 393//84 392//84
f 397//91 398//91 394//91 393//91
f 398//89 395//89 391//89 394//89
f 399//85 400//85 396//85 395//85
f 400//84 401//84 397//84 396//84
f 401//91 402//91 398//91 397//91
f 402//89 399//89 395//89 398//89
f 403//85 404//85 400//85 399//85
f 404//84 405//84 401//84 400//84
f 405//91 406//91 402//91 401//91
f 406//89 403//89 399//89 402//89
f 407//85 408//85 404//85 403//85
f 408//430 409//430 405//430 404//430
f 409//431 410//431 406//431 405//431
f 410//432 407//432 403//432 406//432
f 415//433 416//433 412//433 411//433
f 416//434 417//434 413//434 412//434
f 417//435 418//435 414//435 413//435
f 418//436 415//436 411//436 414//436
f 419//433 420//433 416//433 415//433
f 420//434 421//434 417//434 416//434
f 421//435 422//435 418//435 417//435
f 422//436 419//436 415//436 418//436
f 423//433 424//433 420//433 419//433
f 424//434 425//434 421//434 420//434
f 425//435 426//435 422//435 421//435
f 426//436 423//436 419//436 422//436
f 427//433 428//433 424//433 423//433
f 428//434 429//434 425//434 424//434
f 429//435 430//435 426//435 425//435
f 430//436 427//436 423//436 426//436
f 431//433 432//433 428//433 427//433
f 432//434 433//434 429//434 428//434
f 433//435 434//435 430//435 429//435
f 434//436 431//436 427//436 430//436
f 435//433 436//433 432//433 431//433
f 436//434 437//434 433//434 432//434
f 437//435 438//435 434//435 433//435
f 438//436 435//436 431//436 434//436
f 443//437 444//437 440//437 439//437
f 444//438 445//438 441//438 440//438
f 445//439 446//439 442//439 441//439
f 446//440 443//440 439//440 442//440
f 67//437 68//437 444//437 443//437
f 68//441 69//441 445//441 444//441
f 69//442 70//442 446//442 445//442
f 70//440 67//440 443//440 446//440
f 451//443 452//443 448//443 447//443
f 452//444 453//444 449//444 448//444
f 453//445 454//445 450//445 449//445
f 454//446 451//446 447//446 450//446
f 71//447 72//447 452//447 451//447
f 72//448 73//448 453//448 452//448
f 73//449 74//449 454//449 453//449
f 74//446 71//446 451//446 454//446
f 459//450 460//450 456//450 455//450
f 460//451 461//451 457//451 456//451
f 461//452 462//452 458//452 457//452
f 462//453 459//453 455//453 458//453
f 463//450 464//450 460//450 459//450
f 464//451 465//451 461//451 460//451
f 465//452 466//452 462//452 461//452
f 466//453 463//453 459//453 462//453
f 467//450 468//450 464//450 463//450
f 468//451 469//451 465//451 464//451
f 469//452 470//452 466//452 465//452
f 470//453 467//453 463//453 466//453
f 471//450 472//450 468//450 467//450
f 472//451 473//451 469//451 468//451
f 473//452 474//452 470//452 469//452
f 474//453 471//453 467//453 470//453
f 475//450 476//450 472//450 471//450
f 476//451 477//451 473//451 472//451
f 477//452 478//452 474//452 473//452
f 478//453 475//453 471//453 474//453
f 479//450 480//450 476//450 475//450
f 480//451 481//451 477//451 476//451
f 481//452 482//452 478//452 477//452
f 482//453 479//453 475//453 478//453
f 483//450 484//450 480//450 479//450
f 484//451 485//451 481//451 480//451
f 485//452 486//452 482//452 481//452
f 486//453 483//453 479//453 482//453
f 487//450 488//450 484//450 483//450
f 488//451 489//451 485//451 484//451
f 489//452 490//452 486//452 485//452
f 490//453 487//453 483//453 486//453
f 491//450 492//450 488//450 487//450
f 492//451 493//451 489//451 488//451
f 493//452 494//452 490//452 489//452
f 494//453 491//453 487//453 490//453
f 495//450 496//450 492//450 491//450
f 496//451 497//451 493//451 492//451
f 497//452 498//452 494//452 493//452
f 498//453 495//453 491//453 494//453
f 499//450 500//450 496//450 495//450
f 500//451 501//451 497//451 496//451
f 501//452 502//452 498//452 497//452
f 502//453 499//453 495//453 498//453
f 503//450 504//450 500//450 499//450
f 504//451 505//451 501//451 500//451
f 505//452 506//452 502//452 501//452
f 506//453 503//453 499//453 502//453
f 75//450 76//450 504//450 503//450
f 76//451 77//451 505//451 504//451
f 77//452 78//452 506//452 505//452
f 78//453 75//453 503//453 506//453
f 511//454 512//454 508//454 507//454
f 512//455 513//455 509//455 508//455
f 513//456 514//456 510//456 509//456
f 514//457 511//457 507//457 510//457
f 515//454 516//454 512//454 511//454
f 516//455 517//455 513//455 512//455
f 517//456 518//456 514//456 513//456
f 518//457 515//457 511//457 514//457
f 519//454 520//454 516//454 515//454
f 520//455 521//455 517//455 516//455
f 521//456 522//456 518//456 517//456
f 522//457 519//457 515//457 518//457
f 523//454 524//454 520//454 519//454
f 524//455 525//455 521//455 520//455
f 525//456 526//456 522//456 521//456
f 526//457 523//457 519//457 522//457
f 527//454 528//454 524//454 523//454
f 528//455 529//455 525//455 524//455
f 529//456 530//456 526//456 525//456
f 530//457 527//457 523//457 526//457
f 531//454 532//454 528//454 527//454
f 532//455 533//455 529//455 528//455
f 533//456 534//456 530//456 529//456
f 534//457 531//457 527//457 530//457
f 535//454 536//454 532//454 531//454
f 536//455 537//455 533//455 532//455
f 537//456 538//456 534//456 533//456
f 538//457 535//457 531//457 534//457
f 539//454 540//454 536//454 535//454
f 540//455 541//455 537//455 536//455
f 541//456 542//456 538//456 537//456
f 542//457 539//457 535//457 538//457
f 543//454 544//454 540//454 539//454
f 544//455 545//455 541//455 540//455
f 545//456 546//456 542//456 541//456
f 546//457 543//457 539//457 542//457
f 547//454 548//454 544//454 543//454
f 548//455 549//455 545//455 544//455
f 549//456 550//456 546//456 545//456
f 550//457 547//457 543//457 546//457
f 79//454 80//454 548//454 547//454
f 80//455 81//455 549//455 548//455
f 81//456 82//456 550//456 549//456
f 82//457 79//457 547//457 550//457
f 555//458 556//458 552//458 551//458
f 556//459 557//459 553//459 552//459
f 557//460 558//460 554//460 553//460
f 558//461 555//461 551//461 554//461
f 559//458 560//458 556//458 555//458
f 560//459 561//459 557//459 556//459
f 561//460 562//460 558//460 557//460
f 562//461 559//461 555//461 558//461
f 563//458 564//458 560//458 559//458
f 564//459 565//459 561//459 560//459
f 565//460 566//460 562//460 561//460
f 566//462 563//462 559//462 562//462
f 567//458 568//458 564//458 563//458
f 568//459 569//459 565//459 564//459
f 569//460 570//460 566//460 565//460
f 570//461 567//461 563//461 566//461
f 571//458 572//458 568//458 567//458
f 572//459 573//459 569//459 568//459
f 573//460 574//460 570//460 569//460
f 574//461 571//461 567//461 570//461
f 83//458 84//458 572//458 571//458
f 84//459 85//459 573//459 572//459
f 85//460 86//460 574//460 573//460
f 86//462 83//462 571//462 574//462
f 579//463 580//463 576//463 575//463
f 580//464 581//464 577//464 576//464
f 581//465 582//465 578//465 577//465
f 582//466 579//466 575//466 578//466
f 583//463 584//463 580//463 579//463
f 584//464 585//464 581//464 580//464
f 585//465 586//465 582//465 581//465
f 586//466 583//466 579//466 582//466
f 587//463 588//463 584//463 583//463
f 588//464 589//464 585//464 584//464
f 589//465 590//465 586//465 585//465
f 590//466 587//466 583//466 586//466
f 591//463 592//463 588//463 587//463
f 592//464 593//464 589//464 588//464
f 593//465 594//465 590//465 589//465
f 594//466 591//466 587//466 590//466
f 595//463 596//463 592//463 591//463
f 596//464 597//464 593//464 592//464
f 597//465 598//465 594//465 593//465
f 598//466 595//466 591//466 594//466
f 599//463 600//463 596//463 595//463
f 600//464 601//464 597//464 596//464
f 601//465 602//465 598//465 597//465
f 602//466 599//466 595//466 598//466
f 603//463 604//463 600//463 599//463
f 604//464 605//464 601//464 600//464
f 605//465 606//465 602//465 601//465
f 606//466 603//466 599//466 602//466
f 607//463 608//463 604//463 603//463
f 608//464 609//464 605//464 604//464
f 609//465 610//465 606//465 605//465
f 610//466 607//466 603//466 606//466
f 611//463 612//463 608//463 607//463
f 612//464 613//464 609//464 608//464
f 613//465 614//465 610//465 609//465
f 614//466 611//466 607//466 610//466
f 615//463 616//463 612//463 611//463
f 616//464 617//464 613//464 612//464
f 617//465 618//465 614//465 613//465
f 618//466 615//466 611//466 614//466
f 619//463 620//463 616//463 615//463
f 620//464 621//464 617//464 616//464
f 621//465 622//465 618//465 617//465
f 622//466 619//466 615//466 618//466
f 87//463 88//463 620//463 619//463
f 88//464 89//464 621//464 620//464
f 89//465 90//465 622//465 621//465
f 90//466 87//466 619//466 622//466
f 626//467 627//467 2086//467 2087//467
f 627//468 628//468 297//468 2086//468
f 628//469 629//469 2085//469 297//469
f 629//470 626//470 2087//470 2085//470
f 630//467 631//467 627//467 626//467
f 631//471 632//471 628//471 627//471
f 632//472 633//472 629//472 628//472
f 633//470 630//470 626//470 629//470
f 634//467 635//467 631//467 630//467
f 635//471 636//471 632//471 631//471
f 636//472 637//472 633//472 632//472
f 637//470 634//470 630//470 633//470
f 638//467 639//467 635//467 634//467
f 639//471 640//471 636//471 635//471
f 640//472 641//472 637//472 636//472
f 641//470 638//470 634//470 637//470
f 642//467 643//467 639//467 638//467
f 643//471 644//471 640//471 639//471
f 644//472 645//472 641//472 640//472
f 645//470 642//470 638//470 641//470
f 650//473 651//473 2090//473 2091//473
f 651//474 652//474 648//474 2090//474
f 652//475 653//475 2089//475 648//475
f 653//476 650//476 2091//476 2089//476
f 654//473 655//473 651//473 650//473
f 655//474 656//474 652//474 651//474
f 656//475 657//475 653//475 652//475
f 657//476 654//476 650//476 653//476
f 91//473 92//473 655//473 654//473
f 92//474 93//474 656//474 655//474
f 93//475 94//475 657//475 656//475
f 94//476 91//476 654//476 657//476
f 662//477 663//477 659//477 658//477
f 663//478 664//478 660//478 659//478
f 664//479 665//479 661//479 660//479
f 665//480 662//480 658//480 661//480
f 666//477 667//477 663//477 662//477
f 667//478 668//478 664//478 663//478
f 668//479 669//479 665//479 664//479
f 669//480 666//480 662//480 665//480
f 670//477 671//477 667//477 666//477
f 671//478 672//478 668//478 667//478
f 672//479 673//479 669//479 668//479
f 673//480 670//480 666//480 669//480
f 674//477 675//477 671//477 670//477
f 675//478 676//478 672//478 671//478
f 676//479 677//479 673//479 672//479
f 677//480 674//480 670//480 673//480
f 678//477 679//477 675//477 674//477
f 679//478 680//478 676//478 675//478
f 680//479 681//479 677//479 676//479
f 681//480 678//480 674//480 677//480
f 95//477 96//477 679//477 678//477
f 96//478 97//478 680//478 679//478
f 97//479 98//479 681//479 680//479
f 98//480 95//480 678//480 681//480
f 686//481 687//481 683//481 682//481
f 687//482 688//482 684//482 683//482
f 688//483 689//483 685//483 684//483
f 689//484 686//484 682//484 685//484
f 690//485 691//485 687//485 686//485
f 691//486 692//486 688//486 687//486
f 692//487 693//487 689//487 688//487
f 693//488 690//488 686//488 689//488
f 694//485 695//485 691//485 690//485
f 695//486 696//486 692//486 691//486
f 696//487 697//487 693//487 692//487
f 697//488 694//488 690//488 693//488
f 698//485 699//485 695//485 694//485
f 699//486 700//486 696//486 695//486
f 700//487 701//487 697//487 696//487
f 701//488 698//488 694//488 697//488
f 702//485 703//485 699//485 698//485
f 703//486 704//486 700//486 699//486
f 704//487 705//487 701//487 700//487
f 705//488 702//488 698//488 701//488
f 706//485 707//485 703//485 702//485
f 707//486 708//486 704//486 703//486
f 708//487 709//487 705//487 704//487
f 709//488 706//488 702//488 705//488
f 710//485 711//485 707//485 706//485
f 711//486 712//486 708//486 707//486
f 712//487 713//487 709//487 708//487
f 713//488 710//488 706//488 709//488
f 714//485 715//485 711//485 710//485
f 715//486 716//486 712//486 711//486
f 716//487 717//487 713//487 712//487
f 717//488 714//488 710//488 713//488
f 718//485 719//485 715//485 714//485
f 719//486 720//486 716//486 715//486
f 720//487 721//487 717//487 716//487
f 721//488 718//488 714//488 717//488
f 99//485 100//485 719//485 718//485
f 100//486 101//486 720//486 719//486
f 101//487 102//487 721//487 720//487
f 102//488 99//488 718//488 721//488
f 725//489 726//489 723//489 722//489
f 726//490 727//490 724//490 723//490
f 727//491 728//491 684//491 724//491
f 728//492 725//492 722//492 684//492
f 729//489 730//489 726//489 725//489
f 730//493 731//493 727//493 726//493
f 731//494 732//494 728//494 727//494
f 732//495 729//495 725//495 728//495
f 733//489 734//489 730//489 729//489
f 734//493 735//493 731//493 730//493
f 735//494 736//494 732//494 731//494
f 736//495 733//495 729//495 732//495
f 737//489 738//489 734//489 733//489
f 738//493 739//493 735//493 734//493
f 739//494 740//494 736//494 735//494
f 740//495 737//495 733//495 736//495
f 741//489 742//489 738//489 737//489
f 742//493 743//493 739//493 738//493
f 743//494 744//494 740//494 739//494
f 744//495 741//495 737//495 740//495
f 745//489 746//489 742//489 741//489
f 746//493 747//493 743//493 742//493
f 747//494 748//494 744//494 743//494
f 748//495 745//495 741//495 744//495
f 749//489 750//489 746//489 745//489
f 750//493 751//493 747//493 746//493
f 751//494 752//494 748//494 747//494
f 752//495 749//495 745//495 748//495
f 753//489 754//489 750//489 749//489
f 754//493 755//493 751//493 750//493
f 755//494 756//494 752//494 751//494
f 756//495 753//495 749//495 752//495
f 757//489 758//489 754//489 753//489
f 758//493 759//493 755//493 754//493
f 759//494 760//494 756//494 755//494
f 760//495 757//495 753//495 756//495
f 761//489 762//489 758//489 757//489
f 762//493 763//493 759//493 758//493
f 763//494 764//494 760//494 759//494
f 764//495 761//495 757//495 760//495
f 765//489 766//489 762//489 761//489
f 766//493 767//493 763//493 762//493
f 767//494 768//494 764//494 763//494
f 768//495 765//495 761//495 764//495
f 769//489 770//489 766//489 765//489
f 770//493 771//493 767//493 766//493
f 771//494 772//494 768//494 767//494
f 772//495 769//495 765//495 768//495
f 103//489 104//489 770//489 769//489
f 104//493 105//493 771//493 770//493
f 105//494 106//494 772//494 771//494
f 106//495 103//495 769//495 772//495
f 777//496 778//496 774//496 773//496
f 778//497 779//497 775//497 774//497
f 779//498 780//498 776//498 775//498
f 780//499 777//499 773//499 776//499
f 781//496 782//496 778//496 777//496
f 782//497 783//497 779//497 778//497
f 783//498 784//498 780//498 779//498
f 784//499 781//499 777//499 780//499
f 785//496 786//496 782//496 781//496
f 786//497 787//497 783//497 782//497
f 787//498 788//498 784//498 783//498
f 788//499 785//499 781//499 784//499
f 789//496 790//496 786//496 785//496
f 790//497 791//497 787//497 786//497
f 791//498 792//498 788//498 787//498
f 792//499 789//499 785//499 788//499
f 793//496 794//496 790//496 789//496
f 794//497 795//497 791//497 790//497
f 795//498 796//498 792//498 791//498
f 796//499 793//499 789//499 792//499
f 797//496 798//496 794//496 793//496
f 798//497 799//497 795//497 794//497
f 799//498 800//498 796//498 795//498
f 800//499 797//499 793//499 796//499
f 801//496 802//496 798//496 797//496
f 802//497 803//497 799//497 798//497
f 803//498 804//498 800//498 799//498
f 804//499 801//499 797//499 800//499
f 805//496 806//496 802//496 801//496
f 806//497 807//497 803//497 802//497
f 807//498 808//498 804//498 803//498
f 808//499 805//499 801//499 804//499
f 809//496 810//496 806//496 805//496
f 810//497 811//497 807//497 806//497
f 811//498 812//498 808//498 807//498
f 812//499 809//499 805//499 808//499
f 813//496 814//496 810//496 809//496
f 814//497 815//497 811//497 810//497
f 815//498 816//498 812//498 811//498
f 816//499 813//499 809//499 812//499
f 817//496 818//496 814//496 813//496
f 818//497 819//497 815//497 814//497
f 819//498 820//498 816//498 815//498
f 820//499 817//499 813//499 816//499
f 821//496 822//496 818//496 817//496
f 822//497 823//497 819//497 818//497
f 823//498 824//498 820//498 819//498
f 824//499 821//499 817//499 820//499
f 825//496 826//496 822//496 821//496
f 826//497 827//497 823//497 822//497
f 827//498 828//498 824//498 823//498
f 828//499 825//499 821//499 824//499
f 829//496 830//496 826//496 825//496
f 830//497 831//497 827//497 826//497
f 831//498 832//498 828//498 827//498
f 832//499 829//499 825//499 828//499
f 107//496 108//496 830//496 829//496
f 108//497 109//497 831//497 830//497
f 109//498 110//498 832//498 831//498
f 110//499 107//499 829//499 832//499
f 837//500 838//500 2092//500 2093//500
f 838//501 839//501 2088//501 2092//501
f 839//502 840//502 2081//502 2088//502
f 840//503 837//503 2093//503 2081//503
f 841//504 842//504 838//504 837//504
f 842//505 843//505 839//505 838//505
f 843//506 844//506 840//506 839//506
f 844//503 841//503 837//503 840//503
f 845//504 846//504 842//504 841//504
f 846//505 847//505 843//505 842//505
f 847//506 848//506 844//506 843//506
f 848//503 845//503 841//503 844//503
f 849//504 850//504 846//504 845//504
f 850//505 851//505 847//505 846//505
f 851//506 852//506 848//506 847//506
f 852//503 849//503 845//503 848//503
f 853//504 854//504 850//504 849//504
f 854//505 855//505 851//505 850//505
f 855//506 856//506 852//506 851//506
f 856//503 853//503 849//503 852//503
f 857//500 858//500 854//500 853//500
f 858//505 859//505 855//505 854//505
f 859//506 860//506 856//506 855//506
f 860//503 857//503 853//503 856//503
f 861//504 862//504 858//504 857//504
f 862//505 863//505 859//505 858//505
f 863//506 864//506 860//506 859//506
f 864//503 861//503 857//503 860//503
f 865//504 866//504 862//504 861//504
f 866//505 867//505 863//505 862//505
f 867//507 868//507 864//507 863//507
f 868//503 865//503 861//503 864//503
f 869//504 870//504 866//504 865//504
f 870//505 871//505 867//505 866//505
f 871//506 872//506 868//506 867//506
f 872//503 869//503 865//503 868//503
f 873//504 874//504 870//504 869//504
f 874//505 875//505 871//505 870//505
f 875//507 876//507 872//507 871//507
f 876//503 873//503 869//503 872//503
f 877//504 878//504 874//504 873//504
f 878//505 879//505 875//505 874//505
f 879//506 880//506 876//506 875//506
f 880//503 877//503 873//503 876//503
f 881//500 882//500 878//500 877//500
f 882//505 883//505 879//505 878//505
f 883//507 884//507 880//507 879//507
f 884//503 881//503 877//503 880//503
f 885//504 886//504 882//504 881//504
f 886//505 887//505 883//505 882//505
f 887//507 888//507 884//507 883//507
f 888//503 885//503 881//503 884//503
f 889//504 890//504 886//504 885//504
f 890//505 891//505 887//505 886//505
f 891//506 892//506 888//506 887//506
f 892//503 889//503 885//503 888//503
f 893//500 894//500 890//500 889//500
f 894//505 895//505 891//505 890//505
f 895//506 896//506 892//506 891//506
f 896//503 893//503 889//503 892//503
f 111//504 112//504 894//504 893//504
f 112//505 113//505 895//505 894//505
f 113//506 114//506 896//506 895//506
f 114//503 111//503 893//503 896//503
f 898//508 899//508 2096//508 2097//508
f 899//509 900//509 2095//509 2096//509
f 900//510 901//510 2094//510 2095//510
f 901//511 898//511 2097//511 2094//511
f 902//512 903//512 899//512 898//512
f 903//513 904//513 900//513 899//513
f 904//514 905//514 901//514 900//514
f 905//515 902//515 898//515 901//515
f 906//512 907//512 903//512 902//512
f 907//513 908//513 904//513 903//513
f 908//514 909//514 905//514 904//514
f 909//515 906//515 902//515 905//515
f 910//512 911//512 907//512 906//512
f 911//513 912//513 908//513 907//513
f 912//514 913//514 909//514 908//514
f 913//515 910//515 906//515 909//515
f 914//512 915//512 911//512 910//512
f 915//513 916//513 912//513 911//513
f 916//514 917//514 913//514 912//514
f 917//515 914//515 910//515 913//515
f 918//512 919//512 915//512 914//512
f 919//513 920//513 916//513 915//513
f 920//514 921//514 917//514 916//514
f 921//515 918//515 914//515 917//515
f 922//512 923//512 919//512 918//512
f 923//513 924//513 920//513 919//513
f 924//514 925//514 921//514 920//514
f 925//515 922//515 918//515 921//515
f 926//512 927//512 923//512 922//512
f 927//513 928//513 924//513 923//513
f 928//514 929//514 925//514 924//514
f 929//515 926//515 922//515 925//515
f 930//512 931//512 927//512 926//512
f 931//513 932//513 928//513 927//513
f 932//514 933//514 929//514 928//514
f 933//515 930//515 926//515 929//515
f 934//512 935//512 931//512 930//512
f 935//513 936//513 932//513 931//513
f 936//514 937//514 933//514 932//514
f 937//515 934//515 930//515 933//515
f 938//512 939//512 935//512 934//512
f 939//513 940//513 936//513 935//513
f 940//514 941//514 937//514 936//514
f 941//515 938//515 934//515 937//515
f 115//512 116//512 939//512 938//512
f 116//513 117//513 940//513 939//513
f 117//514 118//514 941//514 940//514
f 118//515 115//515 938//515 941//515
f 942//516 943//516 684//516 683//516
f 943//517 944//517 724//517 684//517
f 944//518 945//518 685//518 724//518
f 945//519 942//519 683//519 685//519
f 946//520 947//520 943//520 942//520
f 947//521 948//521 944//521 943//521
f 948//522 949//522 945//522 944//522
f 949//523 946//523 942//523 945//523
f 950//520 951//520 947//520 946//520
f 951//521 952//521 948//521 947//521
f 952//522 953//522 949//522 948//522
f 953//523 950//523 946//523 949//523
f 954//520 955//520 951//520 950//520
f 955//521 956//521 952//521 951//521
f 956//522 957//522 953//522 952//522
f 957//523 954//523 950//523 953//523
f 958//520 959//520 955//520 954//520
f 959//521 960//521 956//521 955//521
f 960//522 961//522 957//522 956//522
f 961//523 958//523 954//523 957//523
f 962//520 963//520 959//520 958//520
f 963//521 964//521 960//521 959//521
f 964//522 965//522 961//522 960//522
f 965//523 962//523 958//523 961//523
f 966//520 967//520 963//520 962//520
f 967//521 968//521 964//521 963//521
f 968//522 969//522 965//522 964//522
f 969//523 966//523 962//523 965//523
f 970//520 971//520 967//520 966//520
f 971//521 972//521 968//521 967//521
f 972//522 973//522 969//522 968//522
f 973//523 970//523 966//523 969//523
f 119//520 120//520 971//520 970//520
f 120//521 121//521 972//521 971//521
f 121//522 122//522 973//522 972//522
f 122//523 119//523 970//523 973//523
f 975//524 976//524 2100//524 2102//524
f 976//525 977//525 2099//525 2100//525
f 977//526 978//526 2098//526 2099//526
f 978//527 975//527 2102//527 2098//527
f 979//528 980//528 976//528 975//528
f 980//529 981//529 977//529 976//529
f 981//530 982//530 978//530 977//530
f 982//531 979//531 975//531 978//531
f 983//528 984//528 980//528 979//528
f 984//529 985//529 981//529 980//529
f 985//530 986//530 982//530 981//530
f 986//531 983//531 979//531 982//531
f 123//532 124//532 984//532 983//532
f 124//533 125//533 985//533 984//533
f 125//534 126//534 986//534 985//534
f 126//535 123//535 983//535 986//535
f 987//536 988//536 124//536 123//536
f 988//537 989//537 125//537 124//537
f 989//538 990//538 126//538 125//538
f 990//539 987//539 123//539 126//539
f 991//540 992//540 988//540 987//540
f 992//541 993//541 989//541 988//541
f 993//542 994//542 990//542 989//542
f 994//543 991//543 987//543 990//543
f 995//540 996//540 992//540 991//540
f 996//541 997//541 993//541 992//541
f 997//542 998//542 994//542 993//542
f 998//543 995//543 991//543 994//543
f 999//540 1000//540 996//540 995//540
f 1000//541 1001//541 997//541 996//541
f 1001//542 1002//542 998//542 997//542
f 1002//543 999//543 995//543 998//543
f 1003//540 1004//540 1000//540 999//540
f 1004//541 1005//541 1001//541 1000//541
f 1005//542 1006//542 1002//542 1001//542
f 1006//543 1003//543 999//543 1002//543
f 1007//540 1008//540 1004//540 1003//540
f 1008//541 1009//541 1005//541 1004//541
f 1009//542 1010//542 1006//542 1005//542
f 1010//543 1007//543 1003//543 1006//543
f 127//540 128//540 1008//540 1007//540
f 128//541 129//541 1009//541 1008//541
f 129//542 130//542 1010//542 1009//542
f 130//543 127//543 1007//543 1010//543
f 2148//544 1015//544 1012//544 2142//544
f 1015//545 1016//545 1013//545 1012//545
f 1016//546 1017//546 273//546 1013//546
f 1017//547 1014//547 1011//547 273//547
f 2146//548 1022//548 1019//548 2144//548
f 1022//549 1023//549 274//549 1019//549
f 1023//550 1024//550 1020//550 274//550
f 1024//551 1021//551 1018//551 1020//551
f 2179//552 1030//552 1026//552 2147//552
f 1030//553 1031//553 1027//553 1026//553
f 1031//554 1032//554 1028//554 1027//554
f 1032//555 1029//555 1025//555 1028//555
f 2180//552 1034//552 1030//552 2179//552
f 1034//553 1035//553 1031//553 1030//553
f 1035//554 1036//554 1032//554 1031//554
f 1036//555 1033//555 1029//555 1032//555
f 2181//552 1038//552 1034//552 2180//552
f 1038//553 1039//553 1035//553 1034//553
f 1039//554 1040//554 1036//554 1035//554
f 1040//555 1037//555 1033//555 1036//555
f 2182//552 1042//552 1038//552 2181//552
f 1042//553 1043//553 1039//553 1038//553
f 1043//554 1044//554 1040//554 1039//554
f 1044//555 1041//555 1037//555 1040//555
f 2183//552 1046//552 1042//552 2182//552
f 1046//553 1047//553 1043//553 1042//553
f 1047//554 1048//554 1044//554 1043//554
f 1048//555 1045//555 1041//555 1044//555
f 2184//552 1050//552 1046//552 2183//552
f 1050//553 1051//553 1047//553 1046//553
f 1051//554 1052//554 1048//554 1047//554
f 1052//555 1049//555 1045//555 1048//555
f 2185//552 1054//552 1050//552 2184//552
f 1054//553 1055//553 1051//553 1050//553
f 1055//554 1056//554 1052//554 1051//554
f 1056//555 1053//555 1049//555 1052//555
f 2186//552 1058//552 1054//552 2185//552
f 1058//553 1059//553 1055//553 1054//553
f 1059//554 1060//554 1056//554 1055//554
f 1060//555 1057//555 1053//555 1056//555
f 2187//552 1062//552 1058//552 2186//552
f 1062//553 1063//553 1059//553 1058//553
f 1063//554 1064//554 1060//554 1059//554
f 1064//555 1061//555 1057//555 1060//555
f 2188//552 1066//552 1062//552 2187//552
f 1066//553 1067//553 1063//553 1062//553
f 1067//554 1068//554 1064//554 1063//554
f 1068//555 1065//555 1061//555 1064//555
f 2152//552 1070//552 1066//552 2188//552
f 1070//553 1071//553 1067//553 1066//553
f 1071//554 1072//554 1068//554 1067//554
f 1072//555 1069//555 1065//555 1068//555
f 1077//556 1078//556 2104//556 2105//556
f 1078//557 1079//557 2103//557 2104//557
f 1081//558 1082//558 1078//558 1077//558
f 1082//559 1083//559 1079//559 1078//559
f 1083//560 1084//560 1080//560 1079//560
f 1084//561 1081//561 1077//561 1080//561
f 1085//562 1086//562 1082//562 1081//562
f 1086//563 1087//563 1083//563 1082//563
f 1087//560 1088//560 1084//560 1083//560
f 1088//561 1085//561 1081//561 1084//561
f 1089//562 1090//562 1086//562 1085//562
f 1090//563 1091//563 1087//563 1086//563
f 1091//560 1092//560 1088//560 1087//560
f 1092//561 1089//561 1085//561 1088//561
f 1093//562 1094//562 1090//562 1089//562
f 1094//563 1095//563 1091//563 1090//563
f 1095//560 1096//560 1092//560 1091//560
f 1096//561 1093//561 1089//561 1092//561
f 1097//562 1098//562 1094//562 1093//562
f 1098//563 1099//563 1095//563 1094//563
f 1099//560 1100//560 1096//560 1095//560
f 1100//561 1097//561 1093//561 1096//561
f 1101//562 1102//562 1098//562 1097//562
f 1102//563 1103//563 1099//563 1098//563
f 1103//560 1104//560 1100//560 1099//560
f 1104//561 1101//561 1097//561 1100//561
f 2189//564 1110//564 1106//564 2149//564
f 1110//565 1111//565 1107//565 1106//565
f 2190//566 1112//566 1108//566 2191//566
f 1112//567 1109//567 1105//567 1108//567
f 2192//564 1114//564 1110//564 2189//564
f 1114//565 1115//565 1111//565 1110//565
f 2193//568 1116//568 1112//568 2190//568
f 1116//567 1113//567 1109//567 1112//567
f 2194//569 1118//569 1114//569 2192//569
f 1118//565 1119//565 1115//565 1114//565
f 2195//568 1120//568 1116//568 2193//568
f 1120//567 1117//567 1113//567 1116//567
f 2196//564 1122//564 1118//564 2194//564
f 1122//565 1123//565 1119//565 1118//565
f 2197//570 1124//570 1120//570 2195//570
f 1124//567 1121//567 1117//567 1120//567
f 2198//564 1126//564 1122//564 2196//564
f 1126//565 1127//565 1123//565 1122//565
f 2199//568 1128//568 1124//568 2197//568
f 1128//567 1125//567 1121//567 1124//567
f 2200//569 1130//569 1126//569 2198//569
f 1130//565 1131//565 1127//565 1126//565
f 2201//568 1132//568 1128//568 2199//568
f 1132//567 1129//567 1125//567 1128//567
f 2202//564 1134//564 1130//564 2200//564
f 1134//565 1135//565 1131//565 1130//565
f 2203//568 1136//568 1132//568 2201//568
f 1136//567 1133//567 1129//567 1132//567
f 2155//564 1138//564 1134//564 2202//564
f 1138//571 1139//571 1135//571 1134//571
f 2204//572 1140//572 1136//572 2203//572
f 1140//573 1137//573 1133//573 1136//573
f 1143//574 1144//574 1142//574 1141//574
f 1144//567 1145//567 1108//567 1142//567
f 2205//575 1146//575 1107//575 2191//575
f 1146//565 1143//565 1141//565 1107//565
f 1147//574 1148//574 1144//574 1143//574
f 1148//567 1149//567 1145//567 1144//567
f 2206//576 1150//576 1146//576 2205//576
f 1150//565 1147//565 1143//565 1146//565
f 1151//574 1152//574 1148//574 1147//574
f 1152//567 1153//567 1149//567 1148//567
f 2207//576 1154//576 1150//576 2206//576
f 1154//565 1151//565 1147//565 1150//565
f 1155//574 1156//574 1152//574 1151//574
f 1156//567 1157//567 1153//567 1152//567
f 2159//576 1158//576 1154//576 2207//576
f 1158//565 1155//565 1151//565 1154//565
f 1163//577 1164//577 1160//577 1159//577
f 1164//578 1165//578 1161//578 1160//578
f 1165//579 1166//579 1162//579 1161//579
f 1166//580 1163//580 1159//580 1162//580
f 1167//577 1168//577 1164//577 1163//577
f 1168//578 1169//578 1165//578 1164//578
f 1169//579 1170//579 1166//579 1165//579
f 1170//580 1167//580 1163//580 1166//580
f 1171//577 1172//577 1168//577 1167//577
f 1172//578 1173//578 1169//578 1168//578
f 1173//579 1174//579 1170//579 1169//579
f 1174//580 1171//580 1167//580 1170//580
f 1175//577 1176//577 1172//577 1171//577
f 1176//578 1177//578 1173//578 1172//578
f 1177//579 1178//579 1174//579 1173//579
f 1178//580 1175//580 1171//580 1174//580
f 1179//577 1180//577 1176//577 1175//577
f 1180//578 1181//578 1177//578 1176//578
f 1181//579 1182//579 1178//579 1177//579
f 1182//580 1179//580 1175//580 1178//580
f 1183//577 1184//577 1180//577 1179//577
f 1184//578 1185//578 1181//578 1180//578
f 1185//579 1186//579 1182//579 1181//579
f 1186//580 1183//580 1179//580 1182//580
f 1187//577 1188//577 1184//577 1183//577
f 1188//578 1189//578 1185//578 1184//578
f 1189//579 1190//579 1186//579 1185//579
f 1190//580 1187//580 1183//580 1186//580
f 1191//577 1192//577 1188//577 1187//577
f 1192//578 1193//578 1189//578 1188//578
f 1193//579 1194//579 1190//579 1189//579
f 1194//580 1191//580 1187//580 1190//580
f 1195//577 1196//577 1192//577 1191//577
f 1196//578 1197//578 1193//578 1192//578
f 1197//579 1198//579 1194//579 1193//579
f 1198//580 1195//580 1191//580 1194//580
f 1199//577 1200//577 1196//577 1195//577
f 1200//578 1201//578 1197//578 1196//578
f 1201//579 1202//579 1198//579 1197//579
f 1202//580 1199//580 1195//580 1198//580
f 1203//577 1204//577 1200//577 1199//577
f 1204//578 1205//578 1201//578 1200//578
f 1205//579 1206//579 1202//579 1201//579
f 1206//580 1203//580 1199//580 1202//580
f 1207//577 1208//577 1204//577 1203//577
f 1208//578 1209//578 1205//578 1204//578
f 1209//579 1210//579 1206//579 1205//579
f 1210//580 1207//580 1203//580 1206//580
f 131//577 132//577 1208//577 1207//577
f 132//578 133//578 1209//578 1208//578
f 133//579 134//579 1210//579 1209//579
f 134//580 131//580 1207//580 1210//580
f 1215//581 1216//581 1212//581 1211//581
f 1216//582 1217//582 1213//582 1212//582
f 1217//583 1218//583 1214//583 1213//583
f 1218//584 1215//584 1211//584 1214//584
f 1219//581 1220//581 1216//581 1215//581
f 1220//582 1221//582 1217//582 1216//582
f 1221//583 1222//583 1218//583 1217//583
f 1222//584 1219//584 1215//584 1218//584
f 1223//581 1224//581 1220//581 1219//581
f 1224//582 1225//582 1221//582 1220//582
f 1225//583 1226//583 1222//583 1221//583
f 1226//584 1223//584 1219//584 1222//584
f 1227//581 1228//581 1224//581 1223//581
f 1228//582 1229//582 1225//582 1224//582
f 1229//583 1230//583 1226//583 1225//583
f 1230//584 1227//584 1223//584 1226//584
f 1231//581 1232//581 1228//581 1227//581
f 1232//582 1233//582 1229//582 1228//582
f 1233//583 1234//583 1230//583 1229//583
f 1234//584 1231//584 1227//584 1230//584
f 1235//581 1236//581 1232//581 1231//581
f 1236//582 1237//582 1233//582 1232//582
f 1237//583 1238//583 1234//583 1233//583
f 1238//584 1235//584 1231//584 1234//584
f 1239//581 1240//581 1236//581 1235//581
f 1240//582 1241//582 1237//582 1236//582
f 1241//583 1242//583 1238//583 1237//583
f 1242//584 1239//584 1235//584 1238//584
f 1243//581 1244//581 1240//581 1239//581
f 1244//582 1245//582 1241//582 1240//582
f 1245//583 1246//583 1242//583 1241//583
f 1246//584 1243//584 1239//584 1242//584
f 1247//581 1248//581 1244//581 1243//581
f 1248//582 1249//582 1245//582 1244//582
f 1249//583 1250//583 1246//583 1245//583
f 1250//584 1247//584 1243//584 1246//584
f 1251//581 1252//581 1248//581 1247//581
f 1252//582 1253//582 1249//582 1248//582
f 1253//583 1254//583 1250//583 1249//583
f 1254//584 1251//584 1247//584 1250//584
f 135//581 136//581 1252//581 1251//581
f 136//582 137//582 1253//582 1252//582
f 137//583 138//583 1254//583 1253//583
f 138//584 135//584 1251//584 1254//584
f 1259//585 1260//585 1256//585 1255//585
f 1260//586 1261//586 1257//586 1256//586
f 1261//587 1262//587 1258//587 1257//587
f 1262//588 1259//588 1255//588 1258//588
f 1263//585 1264//585 1260//585 1259//585
f 1264//589 1265//589 1261//589 1260//589
f 1265//590 1266//590 1262//590 1261//590
f 1266//591 1263//591 1259//591 1262//591
f 1267//585 1268//585 1264//585 1263//585
f 1268//592 1269//592 1265//592 1264//592
f 1269//590 1270//590 1266//590 1265//590
f 1270//588 1267//588 1263//588 1266//588
f 1271//585 1272//585 1268//585 1267//585
f 1272//592 1273//592 1269//592 1268//592
f 1273//590 1274//590 1270//590 1269//590
f 1274//588 1271//588 1267//588 1270//588
f 1275//585 1276//585 1272//585 1271//585
f 1276//589 1277//589 1273//589 1272//589
f 1277//590 1278//590 1274//590 1273//590
f 1278//588 1275//588 1271//588 1274//588
f 1279//585 1280//585 1276//585 1275//585
f 1280//592 1281//592 1277//592 1276//592
f 1281//590 1282//590 1278//590 1277//590
f 1282//588 1279//588 1275//588 1278//588
f 1283//585 1284//585 1280//585 1279//585
f 1284//592 1285//592 1281//592 1280//592
f 1285//590 1286//590 1282//590 1281//590
f 1286//588 1283//588 1279//588 1282//588
f 1287//585 1288//585 1284//585 1283//585
f 1288//589 1289//589 1285//589 1284//589
f 1289//590 1290//590 1286//590 1285//590
f 1290//591 1287//591 1283//591 1286//591
f 1291//585 1292//585 1288//585 1287//585
f 1292//592 1293//592 1289//592 1288//592
f 1293//590 1294//590 1290//590 1289//590
f 1294//588 1291//588 1287//588 1290//588
f 1295//585 1296//585 1292//585 1291//585
f 1296//589 1297//589 1293//589 1292//589
f 1297//590 1298//590 1294//590 1293//590
f 1298//588 1295//588 1291//588 1294//588
f 1299//585 1300//585 1296//585 1295//585
f 1300//592 1301//592 1297//592 1296//592
f 1301//590 1302//590 1298//590 1297//590
f 1302//588 1299//588 1295//588 1298//588
f 1303//585 1304//585 1300//585 1299//585
f 1304//592 1305//592 1301//592 1300//592
f 1305//590 1306//590 1302//590 1301//590
f 1306//588 1303//588 1299//588 1302//588
f 139//585 140//585 1304//585 1303//585
f 140//589 141//589 1305//589 1304//589
f 141//590 142//590 1306//590 1305//590
f 142//591 139//591 1303//591 1306//591
f 2208//593 1311//593 1308//593 2150//593
f 1311//594 1312//594 1309//594 1308//594
f 2209//595 1313//595 1257//595 2151//595
f 1313//596 1310//596 1307//596 1257//596
f 2210//593 1315//593 1311//593 2208//593
f 1315//594 1316//594 1312//594 1311//594
f 2211//597 1317//597 1313//597 2209//597
f 1317//598 1314//598 1310//598 1313//598
f 2212//593 1319//593 1315//593 2210//593
f 1319//594 1320//594 1316//594 1315//594
f 2213//597 1321//597 1317//597 2211//597
f 1321//598 1318//598 1314//598 1317//598
f 2214//593 1323//593 1319//593 2212//593
f 1323//594 1324//594 1320//594 1319//594
f 2215//597 1325//597 1321//597 2213//597
f 1325//598 1322//598 1318//598 1321//598
f 2216//593 1327//593 1323//593 2214//593
f 1327//594 1328//594 1324//594 1323//594
f 2217//597 1329//597 1325//597 2215//597
f 1329//598 1326//598 1322//598 1325//598
f 2218//593 1331//593 1327//593 2216//593
f 1331//594 1332//594 1328//594 1327//594
f 2219//597 1333//597 1329//597 2217//597
f 1333//598 1330//598 1326//598 1329//598
f 2220//593 1335//593 1331//593 2218//593
f 1335//594 1336//594 1332//594 1331//594
f 2221//597 1337//597 1333//597 2219//597
f 1337//598 1334//598 1330//598 1333//598
f 2222//593 1339//593 1335//593 2220//593
f 1339//594 1340//594 1336//594 1335//594
f 2223//597 1341//597 1337//597 2221//597
f 1341//598 1338//598 1334//598 1337//598
f 2224//593 1343//593 1339//593 2222//593
f 1343//594 1344//594 1340//594 1339//594
f 2225//597 1345//597 1341//597 2223//597
f 1345//598 1342//598 1338//598 1341//598
f 2226//593 1347//593 1343//593 2224//593
f 1347//594 1348//594 1344//594 1343//594
f 2227//597 1349//597 1345//597 2225//597
f 1349//598 1346//598 1342//598 1345//598
f 2228//593 1351//593 1347//593 2226//593
f 1351//594 1352//594 1348//594 1347//594
f 2229//597 1353//597 1349//597 2227//597
f 1353//598 1350//598 1346//598 1349//598
f 2230//593 1355//593 1351//593 2228//593
f 1355//594 1356//594 1352//594 1351//594
f 2231//597 1357//597 1353//597 2229//597
f 1357//598 1354//598 1350//598 1353//598
f 2232//593 1359//593 1355//593 2230//593
f 1359//594 1360//594 1356//594 1355//594
f 2233//597 1361//597 1357//597 2231//597
f 1361//598 1358//598 1354//598 1357//598
f 2234//593 1363//593 1359//593 2232//593
f 1363//594 1364//594 1360//594 1359//594
f 2235//597 1365//597 1361//597 2233//597
f 1365//598 1362//598 1358//598 1361//598
f 2236//593 1367//593 1363//593 2234//593
f 1367//594 1368//594 1364//594 1363//594
f 2237//597 1369//597 1365//597 2235//597
f 1369//598 1366//598 1362//598 1365//598
f 2238//593 1371//593 1367//593 2236//593
f 1371//594 1372//594 1368//594 1367//594
f 2239//597 1373//597 1369//597 2237//597
f 1373//598 1370//598 1366//598 1369//598
f 2240//593 1375//593 1371//593 2238//593
f 1375//594 1376//594 1372//594 1371//594
f 2241//597 1377//597 1373//597 2239//597
f 1377//598 1374//598 1370//598 1373//598
f 2242//593 1379//593 1375//593 2240//593
f 1379//594 1380//594 1376//594 1375//594
f 2243//597 1381//597 1377//597 2241//597
f 1381//598 1378//598 1374//598 1377//598
f 2244//593 1383//593 1379//593 2242//593
f 1383//594 1384//594 1380//594 1379//594
f 2245//597 1385//597 1381//597 2243//597
f 1385//598 1382//598 1378//598 1381//598
f 2246//593 1387//593 1383//593 2244//593
f 1387//594 1388//594 1384//594 1383//594
f 2247//597 1389//597 1385//597 2245//597
f 1389//598 1386//598 1382//598 1385//598
f 2248//593 1391//593 1387//593 2246//593
f 1391//594 1392//594 1388//594 1387//594
f 2249//597 1393//597 1389//597 2247//597
f 1393//598 1390//598 1386//598 1389//598
f 2250//593 1395//593 1391//593 2248//593
f 1395//594 1396//594 1392//594 1391//594
f 2251//597 1397//597 1393//597 2249//597
f 1397//598 1394//598 1390//598 1393//598
f 2252//593 1399//593 1395//593 2250//593
f 1399//594 1400//594 1396//594 1395//594
f 2253//597 1401//597 1397//597 2251//597
f 1401//598 1398//598 1394//598 1397//598
f 2254//593 1403//593 1399//593 2252//593
f 1403//594 1404//594 1400//594 1399//594
f 2255//597 1405//597 1401//597 2253//597
f 1405//598 1402//598 1398//598 1401//598
f 2256//593 1407//593 1403//593 2254//593
f 1407//594 1408//594 1404//594 1403//594
f 2257//597 1409//597 1405//597 2255//597
f 1409//598 1406//598 1402//598 1405//598
f 2164//593 144//593 1407//593 2256//593
f 144//594 145//594 1408//594 1407//594
f 2163//597 146//597 1409//597 2257//597
f 146//598 143//598 1406//598 1409//598
f 1413//599 1414//599 2107//599 2108//599
f 1414//600 1415//600 1076//600 2107//600
f 1415//601 1416//601 2106//601 1076//601
f 1416//602 1413//602 2108//602 2106//602
f 1417//599 1418//599 1414//599 1413//599
f 1418//603 1419//603 1415//603 1414//603
f 1419//604 1420//604 1416//604 1415//604
f 1420//602 1417//602 1413//602 1416//602
f 1421//599 1422//599 1418//599 1417//599
f 1422//603 1423//603 1419//603 1418//603
f 1423//604 1424//604 1420//604 1419//604
f 1424//602 1421//602 1417//602 1420//602
f 1425//599 1426//599 1422//599 1421//599
f 1426//603 1427//603 1423//603 1422//603
f 1427//604 1428//604 1424//604 1423//604
f 1428//602 1425//602 1421//602 1424//602
f 1429//599 1430//599 1426//599 1425//599
f 1430//603 1431//603 1427//603 1426//603
f 1431//604 1432//604 1428//604 1427//604
f 1432//602 1429//602 1425//602 1428//602
f 1437//605 1438//605 2110//605 2111//605
f 1438//606 1439//606 1435//606 2110//606
f 1439//607 1440//607 2109//607 1435//607
f 1440//608 1437//608 2111//608 2109//608
f 1441//605 1442//605 1438//605 1437//605
f 1442//606 1443//606 1439//606 1438//606
f 1443//607 1444//607 1440//607 1439//607
f 1444//608 1441//608 1437//608 1440//608
f 147//605 148//605 1442//605 1441//605
f 148//606 149//606 1443//606 1442//606
f 149//607 150//607 1444//607 1443//607
f 150//608 147//608 1441//608 1444//608
f 1449//609 1450//609 1446//609 1445//609
f 1450//610 1451//610 1447//610 1446//610
f 1451//611 1452//611 1448//611 1447//611
f 1452//612 1449//612 1445//612 1448//612
f 1453//609 1454//609 1450//609 1449//609
f 1454//610 1455//610 1451//610 1450//610
f 1455//611 1456//611 1452//611 1451//611
f 1456//612 1453//612 1449//612 1452//612
f 1457//609 1458//609 1454//609 1453//609
f 1458//610 1459//610 1455//610 1454//610
f 1459//611 1460//611 1456//611 1455//611
f 1460//612 1457//612 1453//612 1456//612
f 1461//609 1462//609 1458//609 1457//609
f 1462//610 1463//610 1459//610 1458//610
f 1463//611 1464//611 1460//611 1459//611
f 1464//612 1461//612 1457//612 1460//612
f 1465//609 1466//609 1462//609 1461//609
f 1466//610 1467//610 1463//610 1462//610
f 1467//611 1468//611 1464//611 1463//611
f 1468//612 1465//612 1461//612 1464//612
f 151//609 152//609 1466//609 1465//609
f 152//610 153//610 1467//610 1466//610
f 153//611 154//611 1468//611 1467//611
f 154//612 151//612 1465//612 1468//612
f 2258//613 1474//613 1470//613 2160//613
f 1474//614 1475//614 1471//614 1470//614
f 2259//615 1476//615 1472//615 2158//615
f 1476//616 1473//616 1469//616 1472//616
f 2260//613 1478//613 1474//613 2258//613
f 1478//617 1479//617 1475//617 1474//617
f 2261//618 1480//618 1476//618 2259//618
f 1480//619 1477//619 1473//619 1476//619
f 2262//613 1482//613 1478//613 2260//613
f 1482//617 1483//617 1479//617 1478//617
f 2263//618 1484//618 1480//618 2261//618
f 1484//619 1481//619 1477//619 1480//619
f 2264//613 1486//613 1482//613 2262//613
f 1486//617 1487//617 1483//617 1482//617
f 2265//618 1488//618 1484//618 2263//618
f 1488//619 1485//619 1481//619 1484//619
f 2166//613 156//613 1486//613 2264//613
f 156//617 157//617 1487//617 1486//617
f 2165//618 158//618 1488//618 2265//618
f 158//619 155//619 1485//619 1488//619
f 1493//620 1494//620 1490//620 1489//620
f 1494//621 1495//621 1491//621 1490//621
f 1495//622 1496//622 1492//622 1491//622
f 1496//623 1493//623 1489//623 1492//623
f 1497//620 1498//620 1494//620 1493//620
f 1498//621 1499//621 1495//621 1494//621
f 1499//622 1500//622 1496//622 1495//622
f 1500//623 1497//623 1493//623 1496//623
f 1501//620 1502//620 1498//620 1497//620
f 1502//621 1503//621 1499//621 1498//621
f 1503//622 1504//622 1500//622 1499//622
f 1504//623 1501//623 1497//623 1500//623
f 1505//620 1506//620 1502//620 1501//620
f 1506//621 1507//621 1503//621 1502//621
f 1507//622 1508//622 1504//622 1503//622
f 1508//623 1505//623 1501//623 1504//623
f 1509//620 1510//620 1506//620 1505//620
f 1510//621 1511//621 1507//621 1506//621
f 1511//622 1512//622 1508//622 1507//622
f 1512//623 1509//623 1505//623 1508//623
f 159//620 160//620 1510//620 1509//620
f 160//621 161//621 1511//621 1510//621
f 161//622 162//622 1512//622 1511//622
f 162//623 159//623 1509//623 1512//623
f 2266//624 1518//624 1514//624 2153//624
f 1518//625 1519//625 1515//625 1514//625
f 2267//626 1520//626 1516//626 2157//626
f 1520//627 1517//627 1513//627 1516//627
f 2268//624 1522//624 1518//624 2266//624
f 1522//625 1523//625 1519//625 1518//625
f 2269//626 1524//626 1520//626 2267//626
f 1524//627 1521//627 1517//627 1520//627
f 2270//624 1526//624 1522//624 2268//624
f 1526//625 1527//625 1523//625 1522//625
f 2271//626 1528//626 1524//626 2269//626
f 1528//627 1525//627 1521//627 1524//627
f 2272//624 1530//624 1526//624 2270//624
f 1530//625 1531//625 1527//625 1526//625
f 2273//626 1532//626 1528//626 2271//626
f 1532//627 1529//627 1525//627 1528//627
f 2274//624 1534//624 1530//624 2272//624
f 1534//625 1535//625 1531//625 1530//625
f 2275//626 1536//626 1532//626 2273//626
f 1536//627 1533//627 1529//627 1532//627
f 2276//624 1538//624 1534//624 2274//624
f 1538//625 1539//625 1535//625 1534//625
f 2277//626 1540//626 1536//626 2275//626
f 1540//627 1537//627 1533//627 1536//627
f 2168//624 164//624 1538//624 2276//624
f 164//625 165//625 1539//625 1538//625
f 2167//626 166//626 1540//626 2277//626
f 166//627 163//627 1537//627 1540//627
f 2278//628 1546//628 1542//628 2279//628
f 1546//629 1547//629 1543//629 1542//629
f 2280//630 1548//630 1544//630 2156//630
f 1548//631 1545//631 1541//631 1544//631
f 2281//632 1550//632 1546//632 2278//632
f 1550//633 1551//633 1547//633 1546//633
f 2282//630 1552//630 1548//630 2280//630
f 1552//634 1549//634 1545//634 1548//634
f 2283//632 1554//632 1550//632 2281//632
f 1554//633 1555//633 1551//633 1550//633
f 2284//630 1556//630 1552//630 2282//630
f 1556//634 1553//634 1549//634 1552//634
f 2285//632 1558//632 1554//632 2283//632
f 1558//633 1559//633 1555//633 1554//633
f 2286//630 1560//630 1556//630 2284//630
f 1560//634 1557//634 1553//634 1556//634
f 2287//632 1562//632 1558//632 2285//632
f 1562//633 1563//633 1559//633 1558//633
f 2288//630 1564//630 1560//630 2286//630
f 1564//634 1561//634 1557//634 1560//634
f 2289//632 1566//632 1562//632 2287//632
f 1566//633 1567//633 1563//633 1562//633
f 2290//630 1568//630 1564//630 2288//630
f 1568//634 1565//634 1561//634 1564//634
f 2291//632 1570//632 1566//632 2289//632
f 1570//633 1571//633 1567//633 1566//633
f 2292//630 1572//630 1568//630 2290//630
f 1572//634 1569//634 1565//634 1568//634
f 2170//632 168//632 1570//632 2291//632
f 168//633 169//633 1571//633 1570//633
f 2169//630 170//630 1572//630 2292//630
f 170//634 167//634 1569//634 1572//634
f 2293//635 1574//635 1140//635 2204//635
f 1574//636 1575//636 1542//636 1140//636
f 2294//637 1576//637 1541//637 2279//637
f 1576//638 1573//638 1139//638 1541//638
f 2295//639 1578//639 1574//639 2293//639
f 1578//640 1579//640 1575//640 1574//640
f 2296//641 1580//641 1576//641 2294//641
f 1580//642 1577//642 1573//642 1576//642
f 2297//639 1582//639 1578//639 2295//639
f 1582//640 1583//640 1579//640 1578//640
f 2298//643 1584//643 1580//643 2296//643
f 1584//642 1581//642 1577//642 1580//642
f 2299//644 1586//644 1582//644 2297//644
f 1586//640 1587//640 1583//640 1582//640
f 2300//641 1588//641 1584//641 2298//641
f 1588//642 1585//642 1581//642 1584//642
f 2301//644 1590//644 1586//644 2299//644
f 1590//640 1591//640 1587//640 1586//640
f 2302//643 1592//643 1588//643 2300//643
f 1592//642 1589//642 1585//642 1588//642
f 2172//639 172//639 1590//639 2301//639
f 172//640 173//640 1591//640 1590//640
f 2171//643 174//643 1592//643 2302//643
f 174//642 171//642 1589//642 1592//642
f 1595//645 1596//645 2113//645 2114//645
f 2303//646 1597//646 2112//646 2161//646
f 1597//647 1598//647 2101//647 2112//647
f 2304//648 1595//648 2114//648 2162//648
f 1599//649 1600//649 1596//649 1595//649
f 2305//646 1601//646 1597//646 2303//646
f 1601//650 1602//650 1598//650 1597//650
f 2306//651 1599//651 1595//651 2304//651
f 1603//649 1604//649 1600//649 1599//649
f 2307//646 1605//646 1601//646 2305//646
f 1605//650 1606//650 1602//650 1601//650
f 2308//651 1603//651 1599//651 2306//651
f 175//649 176//649 1604//649 1603//649
f 2174//646 177//646 1605//646 2307//646
f 177//650 178//650 1606//650 1605//650
f 2173//651 175//651 1603//651 2308//651
f 1611//652 1612//652 1608//652 1607//652
f 1612//653 1613//653 1609//653 1608//653
f 1613//654 1614//654 1610//654 1609//654
f 1614//655 1611//655 1607//655 1610//655
f 1615//652 1616//652 1612//652 1611//652
f 1616//653 1617//653 1613//653 1612//653
f 1617//656 1618//656 1614//656 1613//656
f 1618//657 1615//657 1611//657 1614//657
f 1619//652 1620//652 1616//652 1615//652
f 1620//653 1621//653 1617//653 1616//653
f 1621//656 1622//656 1618//656 1617//656
f 1622//657 1619//657 1615//657 1618//657
f 1623//652 1624//652 1620//652 1619//652
f 1624//653 1625//653 1621//653 1620//653
f 1625//656 1626//656 1622//656 1621//656
f 1626//657 1623//657 1619//657 1622//657
f 1627//652 1628//652 1624//652 1623//652
f 1628//653 1629//653 1625//653 1624//653
f 1629//656 1630//656 1626//656 1625//656
f 1630//657 1627//657 1623//657 1626//657
f 1631//652 1632//652 1628//652 1627//652
f 1632//653 1633//653 1629//653 1628//653
f 1633//656 1634//656 1630//656 1629//656
f 1634//657 1631//657 1627//657 1630//657
f 1635//652 1636//652 1632//652 1631//652
f 1636//653 1637//653 1633//653 1632//653
f 1637//656 1638//656 1634//656 1633//656
f 1638//657 1635//657 1631//657 1634//657
f 1639//652 1640//652 1636//652 1635//652
f 1640//653 1641//653 1637//653 1636//653
f 1641//656 1642//656 1638//656 1637//656
f 1642//657 1639//657 1635//657 1638//657
f 1643//652 1644//652 1640//652 1639//652
f 1644//653 1645//653 1641//653 1640//653
f 1645//656 1646//656 1642//656 1641//656
f 1646//657 1643//657 1639//657 1642//657
f 1647//652 1648//652 1644//652 1643//652
f 1648//653 1649//653 1645//653 1644//653
f 1649//656 1650//656 1646//656 1645//656
f 1650//657 1647//657 1643//657 1646//657
f 1651//652 1652//652 1648//652 1647//652
f 1652//653 1653//653 1649//653 1648//653
f 1653//656 1654//656 1650//656 1649//656
f 1654//657 1651//657 1647//657 1650//657
f 1655//652 1656//652 1652//652 1651//652
f 1656//653 1657//653 1653//653 1652//653
f 1657//656 1658//656 1654//656 1653//656
f 1658//657 1655//657 1651//657 1654//657
f 1659//652 1660//652 1656//652 1655//652
f 1660//653 1661//653 1657//653 1656//653
f 1661//656 1662//656 1658//656 1657//656
f 1662//657 1659//657 1655//657 1658//657
f 1663//652 1664//652 1660//652 1659//652
f 1664//653 1665//653 1661//653 1660//653
f 1665//656 1666//656 1662//656 1661//656
f 1666//657 1663//657 1659//657 1662//657
f 1667//652 1668//652 1664//652 1663//652
f 1668//653 1669//653 1665//653 1664//653
f 1669//656 1670//656 1666//656 1665//656
f 1670//657 1667//657 1663//657 1666//657
f 1671//652 1672//652 1668//652 1667//652
f 1672//653 1673//653 1669//653 1668//653
f 1673//656 1674//656 1670//656 1669//656
f 1674//657 1671//657 1667//657 1670//657
f 1675//652 1676//652 1672//652 1671//652
f 1676//653 1677//653 1673//653 1672//653
f 1677//656 1678//656 1674//656 1673//656
f 1678//657 1675//657 1671//657 1674//657
f 1679//652 1680//652 1676//652 1675//652
f 1680//658 1681//658 1677//658 1676//658
f 1681//659 1682//659 1678//659 1677//659
f 1682//660 1679//660 1675//660 1678//660
f 1686//661 1687//661 1610//661 1683//661
f 1687//662 1688//662 1684//662 1610//662
f 1688//663 1689//663 1685//663 1684//663
f 1689//664 1686//664 1683//664 1685//664
f 1690//661 1691//661 1687//661 1686//661
f 1691//665 1692//665 1688//665 1687//665
f 1692//663 1693//663 1689//663 1688//663
f 1693//664 1690//664 1686//664 1689//664
f 1694//661 1695//661 1691//661 1690//661
f 1695//665 1696//665 1692//665 1691//665
f 1696//663 1697//663 1693//663 1692//663
f 1697//664 1694//664 1690//664 1693//664
f 1698//661 1699//661 1695//661 1694//661
f 1699//665 1700//665 1696//665 1695//665
f 1700//663 1701//663 1697//663 1696//663
f 1701//664 1698//664 1694//664 1697//664
f 1702//661 1703//661 1699//661 1698//661
f 1703//665 1704//665 1700//665 1699//665
f 1704//663 1705//663 1701//663 1700//663
f 1705//664 1702//664 1698//664 1701//664
f 1706//661 1707//661 1703//661 1702//661
f 1707//665 1708//665 1704//665 1703//665
f 1708//663 1709//663 1705//663 1704//663
f 1709//664 1706//664 1702//664 1705//664
f 1710//661 1711//661 1707//661 1706//661
f 1711//665 1712//665 1708//665 1707//665
f 1712//663 1713//663 1709//663 1708//663
f 1713//664 1710//664 1706//664 1709//664
f 1714//661 1715//661 1711//661 1710//661
f 1715//665 1716//665 1712//665 1711//665
f 1716//663 1717//663 1713//663 1712//663
f 1717//664 1714//664 1710//664 1713//664
f 1718//661 1719//661 1715//661 1714//661
f 1719//665 1720//665 1716//665 1715//665
f 1720//663 1721//663 1717//663 1716//663
f 1721//664 1718//664 1714//664 1717//664
f 1722//661 1723//661 1719//661 1718//661
f 1723//665 1724//665 1720//665 1719//665
f 1724//663 1725//663 1721//663 1720//663
f 1725//664 1722//664 1718//664 1721//664
f 1726//661 1727//661 1723//661 1722//661
f 1727//665 1728//665 1724//665 1723//665
f 1728//663 1729//663 1725//663 1724//663
f 1729//664 1726//664 1722//664 1725//664
f 1734//666 1735//666 1731//666 1730//666
f 1735//667 1736//667 1732//667 1731//667
f 1736//668 1737//668 1733//668 1732//668
f 1737//669 1734//669 1730//669 1733//669
f 1738//670 1739//670 1735//670 1734//670
f 1739//671 1740//671 1736//671 1735//671
f 1740//672 1741//672 1737//672 1736//672
f 1741//673 1738//673 1734//673 1737//673
f 1742//670 1743//670 1739//670 1738//670
f 1743//671 1744//671 1740//671 1739//671
f 1744//672 1745//672 1741//672 1740//672
f 1745//673 1742//673 1738//673 1741//673
f 1746//670 1747//670 1743//670 1742//670
f 1747//671 1748//671 1744//671 1743//671
f 1748//672 1749//672 1745//672 1744//672
f 1749//673 1746//673 1742//673 1745//673
f 1750//670 1751//670 1747//670 1746//670
f 1751//671 1752//671 1748//671 1747//671
f 1752//672 1753//672 1749//672 1748//672
f 1753//673 1750//673 1746//673 1749//673
f 1754//670 1755//670 1751//670 1750//670
f 1755//671 1756//671 1752//671 1751//671
f 1756//672 1757//672 1753//672 1752//672
f 1757//673 1754//673 1750//673 1753//673
f 1758//670 1759//670 1755//670 1754//670
f 1759//671 1760//671 1756//671 1755//671
f 1760//672 1761//672 1757//672 1756//672
f 1761//673 1758//673 1754//673 1757//673
f 1762//670 1763//670 1759//670 1758//670
f 1763//671 1764//671 1760//671 1759//671
f 1764//672 1765//672 1761//672 1760//672
f 1765//673 1762//673 1758//673 1761//673
f 1766//670 1767//670 1763//670 1762//670
f 1767//671 1768//671 1764//671 1763//671
f 1768//672 1769//672 1765//672 1764//672
f 1769//673 1766//673 1762//673 1765//673
f 179//670 180//670 1767//670 1766//670
f 180//671 181//671 1768//671 1767//671
f 181//672 182//672 1769//672 1768//672
f 182//673 179//673 1766//673 1769//673
f 1774//674 1775//674 1771//674 1770//674
f 1775//675 1776//675 1772//675 1771//675
f 1776//676 1777//676 1773//676 1772//676
f 1777//677 1774//677 1770//677 1773//677
f 1778//674 1779//674 1775//674 1774//674
f 1779//675 1780//675 1776//675 1775//675
f 1780//676 1781//676 1777//676 1776//676
f 1781//677 1778//677 1774//677 1777//677
f 1782//674 1783//674 1779//674 1778//674
f 1783//675 1784//675 1780//675 1779//675
f 1784//676 1785//676 1781//676 1780//676
f 1785//677 1782//677 1778//677 1781//677
f 1786//674 1787//674 1783//674 1782//674
f 1787//675 1788//675 1784//675 1783//675
f 1788//676 1789//676 1785//676 1784//676
f 1789//677 1786//677 1782//677 1785//677
f 1790//674 1791//674 1787//674 1786//674
f 1791//675 1792//675 1788//675 1787//675
f 1792//676 1793//676 1789//676 1788//676
f 1793//677 1790//677 1786//677 1789//677
f 1794//674 1795//674 1791//674 1790//674
f 1795//675 1796//675 1792//675 1791//675
f 1796//676 1797//676 1793//676 1792//676
f 1797//677 1794//677 1790//677 1793//677
f 1798//674 1799//674 1795//674 1794//674
f 1799//675 1800//675 1796//675 1795//675
f 1800//676 1801//676 1797//676 1796//676
f 1801//677 1798//677 1794//677 1797//677
f 1802//674 1803//674 1799//674 1798//674
f 1803//675 1804//675 1800//675 1799//675
f 1804//676 1805//676 1801//676 1800//676
f 1805//677 1802//677 1798//677 1801//677
f 1806//674 1807//674 1803//674 1802//674
f 1807//675 1808//675 1804//675 1803//675
f 1808//676 1809//676 1805//676 1804//676
f 1809//677 1806//677 1802//677 1805//677
f 1810//674 1811//674 1807//674 1806//674
f 1811//675 1812//675 1808//675 1807//675
f 1812//676 1813//676 1809//676 1808//676
f 1813//677 1810//677 1806//677 1809//677
f 1814//674 1815//674 1811//674 1810//674
f 1815//675 1816//675 1812//675 1811//675
f 1816//676 1817//676 1813//676 1812//676
f 1817//677 1814//677 1810//677 1813//677
f 1818//674 1819//674 1815//674 1814//674
f 1819//675 1820//675 1816//675 1815//675
f 1820//676 1821//676 1817//676 1816//676
f 1821//677 1818//677 1814//677 1817//677
f 1822//674 1823//674 1819//674 1818//674
f 1823//675 1824//675 1820//675 1819//675
f 1824//676 1825//676 1821//676 1820//676
f 1825//677 1822//677 1818//677 1821//677
f 1826//674 1827//674 1823//674 1822//674
f 1827//675 1828//675 1824//675 1823//675
f 1828//676 1829//676 1825//676 1824//676
f 1829//677 1826//677 1822//677 1825//677
f 183//674 184//674 1827//674 1826//674
f 184//675 185//675 1828//675 1827//675
f 185//676 186//676 1829//676 1828//676
f 186//677 183//677 1826//677 1829//677
f 1834//678 1835//678 2117//678 2118//678
f 1835//679 1836//679 2116//679 2117//679
f 1836//680 1837//680 2115//680 2116//680
f 1837//681 1834//681 2118//681 2115//681
f 1838//678 1839//678 1835//678 1834//678
f 1839//682 1840//682 1836//682 1835//682
f 1840//683 1841//683 1837//683 1836//683
f 1841//681 1838//681 1834//681 1837//681
f 1842//678 1843//678 1839//678 1838//678
f 1843//682 1844//682 1840//682 1839//682
f 1844//684 1845//684 1841//684 1840//684
f 1845//681 1842//681 1838//681 1841//681
f 1846//678 1847//678 1843//678 1842//678
f 1847//682 1848//682 1844//682 1843//682
f 1848//683 1849//683 1845//683 1844//683
f 1849//681 1846//681 1842//681 1845//681
f 1850//678 1851//678 1847//678 1846//678
f 1851//682 1852//682 1848//682 1847//682
f 1852//683 1853//683 1849//683 1848//683
f 1853//681 1850//681 1846//681 1849//681
f 1854//678 1855//678 1851//678 1850//678
f 1855//682 1856//682 1852//682 1851//682
f 1856//684 1857//684 1853//684 1852//684
f 1857//681 1854//681 1850//681 1853//681
f 1858//678 1859//678 1855//678 1854//678
f 1859//682 1860//682 1856//682 1855//682
f 1860//683 1861//683 1857//683 1856//683
f 1861//681 1858//681 1854//681 1857//681
f 1862//678 1863//678 1859//678 1858//678
f 1863//682 1864//682 1860//682 1859//682
f 1864//683 1865//683 1861//683 1860//683
f 1865//681 1862//681 1858//681 1861//681
f 1866//685 1867//685 1863//685 1862//685
f 1867//682 1868//682 1864//682 1863//682
f 1868//683 1869//683 1865//683 1864//683
f 1869//681 1866//681 1862//681 1865//681
f 1870//678 1871//678 1867//678 1866//678
f 1871//682 1872//682 1868//682 1867//682
f 1872//683 1873//683 1869//683 1868//683
f 1873//681 1870//681 1866//681 1869//681
f 1874//685 1875//685 1871//685 1870//685
f 1875//682 1876//682 1872//682 1871//682
f 1876//684 1877//684 1873//684 1872//684
f 1877//681 1874//681 1870//681 1873//681
f 1878//678 1879//678 1875//678 1874//678
f 1879//682 1880//682 1876//682 1875//682
f 1880//683 1881//683 1877//683 1876//683
f 1881//681 1878//681 1874//681 1877//681
f 1882//678 1883//678 1879//678 1878//678
f 1883//682 1884//682 1880//682 1879//682
f 1884//683 1885//683 1881//683 1880//683
f 1885//681 1882//681 1878//681 1881//681
f 1886//678 1887//678 1883//678 1882//678
f 1887//682 1888//682 1884//682 1883//682
f 1888//683 1889//683 1885//683 1884//683
f 1889//681 1886//681 1882//681 1885//681
f 1890//678 1891//678 1887//678 1886//678
f 1891//682 1892//682 1888//682 1887//682
f 1892//683 1893//683 1889//683 1888//683
f 1893//681 1890//681 1886//681 1889//681
f 187//678 188//678 1891//678 1890//678
f 188//682 189//682 1892//682 1891//682
f 189//683 190//683 1893//683 1892//683
f 190//681 187//681 1890//681 1893//681
f 1895//686 1896//686 2121//686 2122//686
f 1896//687 1897//687 2120//687 2121//687
f 1897//688 1898//688 2119//688 2120//688
f 1898//689 1895//689 2122//689 2119//689
f 1899//690 1900//690 1896//690 1895//690
f 1900//691 1901//691 1897//691 1896//691
f 1901//692 1902//692 1898//692 1897//692
f 1902//693 1899//693 1895//693 1898//693
f 1903//690 1904//690 1900//690 1899//690
f 1904//691 1905//691 1901//691 1900//691
f 1905//692 1906//692 1902//692 1901//692
f 1906//693 1903//693 1899//693 1902//693
f 1907//694 1908//694 1904//694 1903//694
f 1908//695 1909//695 1905//695 1904//695
f 1909//696 1910//696 1906//696 1905//696
f 1910//697 1907//697 1903//697 1906//697
f 1911//690 1912//690 1908//690 1907//690
f 1912//691 1913//691 1909//691 1908//691
f 1913//692 1914//692 1910//692 1909//692
f 1914//693 1911//693 1907//693 1910//693
f 1915//694 1916//694 1912//694 1911//694
f 1916//691 1917//691 1913//691 1912//691
f 1917//696 1918//696 1914//696 1913//696
f 1918//697 1915//697 1911//697 1914//697
f 1919//694 1920//694 1916//694 1915//694
f 1920//695 1921//695 1917//695 1916//695
f 1921//696 1922//696 1918//696 1917//696
f 1922//697 1919//697 1915//697 1918//697
f 1923//694 1924//694 1920//694 1919//694
f 1924//695 1925//695 1921//695 1920//695
f 1925//696 1926//696 1922//696 1921//696
f 1926//697 1923//697 1919//697 1922//697
f 1927//694 1928//694 1924//694 1923//694
f 1928//691 1929//691 1925//691 1924//691
f 1929//696 1930//696 1926//696 1925//696
f 1930//693 1927//693 1923//693 1926//693
f 1931//690 1932//690 1928//690 1927//690
f 1932//695 1933//695 1929//695 1928//695
f 1933//692 1934//692 1930//692 1929//692
f 1934//697 1931//697 1927//697 1930//697
f 1935//694 1936//694 1932//694 1931//694
f 1936//695 1937//695 1933//695 1932//695
f 1937//696 1938//696 1934//696 1933//696
f 1938//697 1935//697 1931//697 1934//697
f 191//694 192//694 1936//694 1935//694
f 192//695 193//695 1937//695 1936//695
f 193//696 194//696 1938//696 1937//696
f 194//697 191//697 1935//697 1938//697
f 1941//698 1942//698 2125//698 2126//698
f 1942//699 1943//699 2124//699 2125//699
f 1943//700 1944//700 2123//700 2124//700
f 1944//701 1941//701 2126//701 2123//701
f 1945//702 1946//702 1942//702 1941//702
f 1946//699 1947//699 1943//699 1942//699
f 1947//703 1948//703 1944//703 1943//703
f 1948//704 1945//704 1941//704 1944//704
f 1949//702 1950//702 1946//702 1945//702
f 1950//699 1951//699 1947//699 1946//699
f 1951//703 1952//703 1948//703 1947//703
f 1952//704 1949//704 1945//704 1948//704
f 1953//702 1954//702 1950//702 1949//702
f 1954//699 1955//699 1951//699 1950//699
f 1955//703 1956//703 1952//703 1951//703
f 1956//704 1953//704 1949//704 1952//704
f 1957//702 1958//702 1954//702 1953//702
f 1958//699 1959//699 1955//699 1954//699
f 1959//703 1960//703 1956//703 1955//703
f 1960//704 1957//704 1953//704 1956//704
f 1961//702 1962//702 1958//702 1957//702
f 1962//699 1963//699 1959//699 1958//699
f 1963//703 1964//703 1960//703 1959//703
f 1964//704 1961//704 1957//704 1960//704
f 1965//702 1966//702 1962//702 1961//702
f 1966//699 1967//699 1963//699 1962//699
f 1967//703 1968//703 1964//703 1963//703
f 1968//704 1965//704 1961//704 1964//704
f 1969//702 1970//702 1966//702 1965//702
f 1970//699 1971//699 1967//699 1966//699
f 1971//703 1972//703 1968//703 1967//703
f 1972//704 1969//704 1965//704 1968//704
f 195//702 196//702 1970//702 1969//702
f 196//699 197//699 1971//699 1970//699
f 197//703 198//703 1972//703 1971//703
f 198//704 195//704 1969//704 1972//704
f 1974//705 1975//705 2129//705 2130//705
f 1975//706 1976//706 2128//706 2129//706
f 1976//707 1977//707 2127//707 2128//707
f 1977//708 1974//708 2130//708 2127//708
f 1981//709 1982//709 267//709 1978//709
f 1982//710 1983//710 1979//710 267//710
f 1983//711 1984//711 1980//711 1979//711
f 1984//712 1981//712 1978//712 1980//712
f 1988//713 1989//713 1985//713 268//713
f 1989//714 1990//714 1986//714 1985//714
f 1990//715 1991//715 1987//715 1986//715
f 1991//716 1988//716 268//716 1987//716
f 1992//717 1993//717 56//717 55//717
f 1993//718 1994//718 57//718 56//718
f 1994//719 1995//719 58//719 57//719
f 1995//720 1992//720 55//720 58//720
f 1996//721 1997//721 1993//721 1992//721
f 1997//722 1998//722 1994//722 1993//722
f 1998//723 1999//723 1995//723 1994//723
f 1999//724 1996//724 1992//724 1995//724
f 199//725 200//725 1997//725 1996//725
f 200//726 201//726 1998//726 1997//726
f 201//727 202//727 1999//727 1998//727
f 202//728 199//728 1996//728 1999//728
f 2004//729 2005//729 2001//729 2000//729
f 2005//730 2006//730 2002//730 2001//730
f 2006//731 2007//731 2003//731 2002//731
f 2007//732 2004//732 2000//732 2003//732
f 2008//729 2009//729 2005//729 2004//729
f 2009//730 2010//730 2006//730 2005//730
f 2010//731 2011//731 2007//731 2006//731
f 2011//732 2008//732 2004//732 2007//732
f 203//733 204//733 2009//733 2008//733
f 204//734 205//734 2010//734 2009//734
f 205//735 206//735 2011//735 2010//735
f 206//736 203//736 2008//736 2011//736
f 207//232 208//232 204//232 203//232
f 208//232 209//232 205//232 204//232
f 209//232 210//232 206//232 205//232
f 210//232 207//232 203//232 206//232
f 2012//737 2013//737 52//737 51//737
f 2013//738 2014//738 53//738 52//738
f 2014//739 2015//739 54//739 53//739
f 2015//740 2012//740 51//740 54//740
f 2016//741 2017//741 2013//741 2012//741
f 2017//742 2018//742 2014//742 2013//742
f 2018//743 2019//743 2015//743 2014//743
f 2019//744 2016//744 2012//744 2015//744
f 211//741 212//741 2017//741 2016//741
f 212//742 213//742 2018//742 2017//742
f 213//743 214//743 2019//743 2018//743
f 214//744 211//744 2016//744 2019//744
f 2024//745 2025//745 2021//745 2020//745
f 2025//746 2026//746 2022//746 2021//746
f 2026//747 2027//747 2023//747 2022//747
f 2027//748 2024//748 2020//748 2023//748
f 2028//745 2029//745 2025//745 2024//745
f 2029//746 2030//746 2026//746 2025//746
f 2030//747 2031//747 2027//747 2026//747
f 2031//748 2028//748 2024//748 2027//748
f 215//745 216//745 2029//745 2028//745
f 216//746 217//746 2030//746 2029//746
f 217//747 218//747 2031//747 2030//747
f 218//748 215//748 2028//748 2031//748
f 223//128 224//128 220//128 219//128
f 224//128 225//128 221//128 220//128
f 225//128 226//128 222//128 221//128
f 226//128 223//128 219//128 222//128
f 227//749 228//749 2132//749 2133//749
f 228//750 229//750 2131//750 2132//750
f 229//751 230//751 2035//751 2131//751
f 230//752 227//752 2133//752 2035//752
f 2036//753 2037//753 228//753 227//753
f 2037//754 2038//754 229//754 228//754
f 2038//755 2039//755 230//755 229//755
f 2039//756 2036//756 227//756 230//756
f 2040//757 2041//757 2037//757 2036//757
f 2041//758 2042//758 2038//758 2037//758
f 2042//759 2043//759 2039//759 2038//759
f 2043//760 2040//760 2036//760 2039//760
f 2044//757 2045//757 2041//757 2040//757
f 2045//758 2046//758 2042//758 2041//758
f 2046//759 2047//759 2043//759 2042//759
f 2047//760 2044//760 2040//760 2043//760
f 231//757 232//757 2045//757 2044//757
f 232//758 233//758 2046//758 2045//758
f 233//759 234//759 2047//759 2046//759
f 234//760 231//760 2044//760 2047//760
f 235//761 236//761 2049//761 2048//761
f 236//762 237//762 2050//762 2049//762
f 237//763 238//763 2051//763 2050//763
f 238//764 235//764 2048//764 2051//764
f 2056//765 2057//765 2053//765 2052//765
f 2057//766 2058//766 2054//766 2053//766
f 2058//767 2059//767 2055//767 2054//767
f 2059//768 2056//768 2052//768 2055//768
f 239//765 240//765 2057//765 2056//765
f 240//766 241//766 2058//766 2057//766
f 241//767 242//767 2059//767 2058//767
f 242//768 239//768 2056//768 2059//768
f 2060//769 2061//769 200//769 199//769
f 2061//770 2062//770 201//770 200//770
f 2062//771 2063//771 202//771 201//771
f 2063//772 2060//772 199//772 202//772
f 2064//773 2065//773 2061//773 2060//773
f 2065//774 2066//774 2062//774 2061//774
f 2066//775 2067//775 2063//775 2062//775
f 2067//776 2064//776 2060//776 2063//776
f 243//773 244//773 2065//773 2064//773
f 244//774 245//774 2066//774 2065//774
f 245//775 246//775 2067//775 2066//775
f 246//776 243//776 2064//776 2067//776
f 2312//777 248//777 60//777 2311//777
f 2177//778 249//778 61//778 2175//778
f 2137//779 250//779 62//779 2136//779
f 2178//780 247//780 59//780 2176//780
f 249//781 2137//781 2136//781 61//781
f 61//782 2136//782 2134//782 45//782
f 65//783 2135//783 2137//783 249//783
f 250//784 2178//784 2176//784 62//784
f 248//785 2177//785 2175//785 60//785
f 178//651 2173//651 2308//651 1606//651
f 176//646 2174//646 2307//646 1604//646
f 1606//651 2308//651 2306//651 1602//651
f 1604//646 2307//646 2305//646 1600//646
f 1602//651 2306//651 2304//651 1598//651
f 1600//646 2305//646 2303//646 1596//646
f 1598//786 2304//786 2162//786 2101//786
f 1596//646 2303//646 2161//646 2113//646
f 173//643 2171//643 2302//643 1591//643
f 171//639 2172//639 2301//639 1589//639
f 1591//643 2302//643 2300//643 1587//643
f 1589//639 2301//639 2299//639 1585//639
f 1587//641 2300//641 2298//641 1583//641
f 1585//639 2299//639 2297//639 1581//639
f 1583//643 2298//643 2296//643 1579//643
f 1581//639 2297//639 2295//639 1577//639
f 1579//641 2296//641 2294//641 1575//641
f 1577//639 2295//639 2293//639 1573//639
f 1575//787 2294//787 2279//787 1542//787
f 1573//788 2293//788 2204//788 1139//788
f 169//630 2169//630 2292//630 1571//630
f 167//632 2170//632 2291//632 1569//632
f 1571//630 2292//630 2290//630 1567//630
f 1569//632 2291//632 2289//632 1565//632
f 1567//630 2290//630 2288//630 1563//630
f 1565//632 2289//632 2287//632 1561//632
f 1563//630 2288//630 2286//630 1559//630
f 1561//632 2287//632 2285//632 1557//632
f 1559//630 2286//630 2284//630 1555//630
f 1557//632 2285//632 2283//632 1553//632
f 1555//630 2284//630 2282//630 1551//630
f 1553//632 2283//632 2281//632 1549//632
f 1551//630 2282//630 2280//630 1547//630
f 1549//632 2281//632 2278//632 1545//632
f 1547//630 2280//630 2156//630 1543//630
f 1545//789 2278//789 2279//789 1541//789
f 165//626 2167//626 2277//626 1539//626
f 163//624 2168//624 2276//624 1537//624
f 1539//626 2277//626 2275//626 1535//626
f 1537//624 2276//624 2274//624 1533//624
f 1535//626 2275//626 2273//626 1531//626
f 1533//624 2274//624 2272//624 1529//624
f 1531//626 2273//626 2271//626 1527//626
f 1529//624 2272//624 2270//624 1525//624
f 1527//626 2271//626 2269//626 1523//626
f 1525//624 2270//624 2268//624 1521//624
f 1523//626 2269//626 2267//626 1519//626
f 1521//624 2268//624 2266//624 1517//624
f 1519//626 2267//626 2157//626 1515//626
f 1517//624 2266//624 2153//624 1513//624
f 157//618 2165//618 2265//618 1487//618
f 155//613 2166//613 2264//613 1485//613
f 1487//618 2265//618 2263//618 1483//618
f 1485//613 2264//613 2262//613 1481//613
f 1483//618 2263//618 2261//618 1479//618
f 1481//613 2262//613 2260//613 1477//613
f 1479//618 2261//618 2259//618 1475//618
f 1477//613 2260//613 2258//613 1473//613
f 1475//790 2259//790 2158//790 1471//790
f 1473//613 2258//613 2160//613 1469//613
f 145//597 2163//597 2257//597 1408//597
f 143//593 2164//593 2256//593 1406//593
f 1408//597 2257//597 2255//597 1404//597
f 1406//593 2256//593 2254//593 1402//593
f 1404//597 2255//597 2253//597 1400//597
f 1402//593 2254//593 2252//593 1398//593
f 1400//597 2253//597 2251//597 1396//597
f 1398//593 2252//593 2250//593 1394//593
f 1396//597 2251//597 2249//597 1392//597
f 1394//593 2250//593 2248//593 1390//593
f 1392//597 2249//597 2247//597 1388//597
f 1390//593 2248//593 2246//593 1386//593
f 1388//597 2247//597 2245//597 1384//597
f 1386//593 2246//593 2244//593 1382//593
f 1384//597 2245//597 2243//597 1380//597
f 1382//593 2244//593 2242//593 1378//593
f 1380//597 2243//597 2241//597 1376//597
f 1378//593 2242//593 2240//593 1374//593
f 1376//597 2241//597 2239//597 1372//597
f 1374//593 2240//593 2238//593 1370//593
f 1372//597 2239//597 2237//597 1368//597
f 1370//593 2238//593 2236//593 1366//593
f 1368//597 2237//597 2235//597 1364//597
f 1366//593 2236//593 2234//593 1362//593
f 1364//597 2235//597 2233//597 1360//597
f 1362//593 2234//593 2232//593 1358//593
f 1360//597 2233//597 2231//597 1356//597
f 1358//593 2232//593 2230//593 1354//593
f 1356//597 2231//597 2229//597 1352//597
f 1354//593 2230//593 2228//593 1350//593
f 1352//597 2229//597 2227//597 1348//597
f 1350//593 2228//593 2226//593 1346//593
f 1348//597 2227//597 2225//597 1344//597
f 1346//593 2226//593 2224//593 1342//593
f 1344//597 2225//597 2223//597 1340//597
f 1342//593 2224//593 2222//593 1338//593
f 1340//597 2223//597 2221//597 1336//597
f 1338//593 2222//593 2220//593 1334//593
f 1336//597 2221//597 2219//597 1332//597
f 1334//593 2220//593 2218//593 1330//593
f 1332//597 2219//597 2217//597 1328//597
f 1330//593 2218//593 2216//593 1326//593
f 1328//597 2217//597 2215//597 1324//597
f 1326//593 2216//593 2214//593 1322//593
f 1324//597 2215//597 2213//597 1320//597
f 1322//593 2214//593 2212//593 1318//593
f 1320//597 2213//597 2211//597 1316//597
f 1318//593 2212//593 2210//593 1314//593
f 1316//597 2211//597 2209//597 1312//597
f 1314//593 2210//593 2208//593 1310//593
f 1312//791 2209//791 2151//791 1309//791
f 1310//593 2208//593 2150//593 1307//593
f 1157//576 2159//576 2207//576 1153//576
f 1153//576 2207//576 2206//576 1149//576
f 1149//576 2206//576 2205//576 1145//576
f 1145//575 2205//575 2191//575 1108//575
f 1139//792 2204//792 2203//792 1135//792
f 1137//564 2155//564 2202//564 1133//564
f 1135//568 2203//568 2201//568 1131//568
f 1133//564 2202//564 2200//564 1129//564
f 1131//568 2201//568 2199//568 1127//568
f 1129//569 2200//569 2198//569 1125//569
f 1127//568 2199//568 2197//568 1123//568
f 1125//564 2198//564 2196//564 1121//564
f 1123//570 2197//570 2195//570 1119//570
f 1121//564 2196//564 2194//564 1117//564
f 1119//568 2195//568 2193//568 1115//568
f 1117//564 2194//564 2192//564 1113//564
f 1115//568 2193//568 2190//568 1111//568
f 1113//564 2192//564 2189//564 1109//564
f 1111//566 2190//566 2191//566 1107//566
f 1109//564 2189//564 2149//564 1105//564
f 1069//552 2152//552 2188//552 1065//552
f 1065//552 2188//552 2187//552 1061//552
f 1061//552 2187//552 2186//552 1057//552
f 1057//552 2186//552 2185//552 1053//552
f 1053//552 2185//552 2184//552 1049//552
f 1049//552 2184//552 2183//552 1045//552
f 1045//552 2183//552 2182//552 1041//552
f 1041//552 2182//552 2181//552 1037//552
f 1037//552 2181//552 2180//552 1033//552
f 1033//552 2180//552 2179//552 1029//552
f 1029//552 2179//552 2147//552 1025//552
f 1021//548 2146//548 2144//548 1018//548
f 1014//544 2148//544 2142//544 1011//544
f 1069//793 1307//793 2150//793 2152//793
f 1469//794 2160//794 2159//794 1157//794
f 1544//795 1515//795 2157//795 2156//795
f 1513//796 2153//796 2155//796 1137//796
f 1105//797 2149//797 2148//797 1014//797
f 1026//798 1022//798 2146//798 2147//798
f 50//331 49//331 2141//331 2140//331
f 1012//799 63//799 2145//799 2142//799
f 43//800 50//800 2140//800 2139//800
f 49//801 44//801 2138//801 2141//801
f 1018//802 2144//802 2143//802 64//802
f 1472//128 2101//128 2162//128 2158//128
f 1492//286 2113//286 2161//286 2154//286
f 146//252 2163//252 2164//252 143//252
f 158//247 2165//247 2166//247 155//247
f 166//244 2167//244 2168//244 163//244
f 170//243 2169//243 2170//243 167//243
f 174//242 2171//242 2172//242 171//242
f 178//240 177//240 2174//240 2173//240
f 60//803 2175//803 2138//803 44//803
f 62//804 2176//804 2139//804 46//804
f 64//805 2143//805 2177//805 248//805
f 66//806 2145//806 2178//806 250//806
f 247//807 2312//807 2311//807 59//807
f 59//808 2311//808 2309//808 43//808
f 63//809 2310//809 2312//809 247//809
l 1080 1076
o Icosphere.001
v -10.878929 11.182248 -0.897883
v -8.957690 12.651758 0.498164
v -11.613331 12.651062 1.362411
v -13.255545 12.651073 -0.897883
v -11.583067 12.675055 -3.098799
v -9.362940 12.769246 -2.023830
v -10.252172 14.658515 0.598058
v -12.202923 14.635782 0.101517
v -12.064876 14.564472 -1.759098
v -10.283583 14.799815 -2.656644
v -9.050087 14.760027 -0.855240
v -10.894421 15.460799 -0.940210
v -11.310596 11.579081 0.430674
v -9.748787 11.579081 -0.076796
v -10.180450 12.442430 1.251774
v -8.618639 12.442434 -0.897883
v -9.748787 11.579081 -1.718969
v -12.275867 11.579088 -0.897883
v -12.707544 12.442433 0.430679
v -11.310596 11.579081 -2.226440
v -12.584220 12.499552 -2.142576
v -10.183693 12.445484 -3.041486
v -8.914069 13.820789 -0.185511
v -9.028443 13.749545 -1.505334
v -10.883231 13.720200 1.123438
v -9.385847 13.847256 1.216426
v -12.831449 13.828054 -0.180297
v -12.370437 13.847137 1.216935
v -11.955609 13.797405 -2.558584
v -12.757703 13.769077 -1.519038
v -9.853222 13.782928 -2.533979
v -10.879293 13.838500 -3.500845
v -9.576183 14.853567 0.116705
v -11.410734 14.827807 0.491314
v -12.557384 14.928447 -0.846397
v -11.287555 14.731644 -2.336450
v -9.773714 14.681690 -1.722097
v -10.588522 15.372126 -0.249099
v -9.859959 15.521758 -0.921309
v -11.792409 15.613591 -0.336350
v -11.640382 15.391008 -1.435362
v -10.584393 15.453712 -1.838988
vn 0.1024 -0.9435 0.3151
vn 0.7005 -0.6609 0.2692
vn -0.2680 -0.9435 0.1947
vn -0.2680 -0.9435 -0.1947
vn 0.1024 -0.9435 -0.3151
vn 0.9706 0.0934 0.2217
vn 0.0982 0.1528 0.9834
vn -0.9155 0.0909 0.3919
vn -0.6965 0.1101 -0.7090
vn 0.7693 0.0516 -0.6368
vn 0.9382 0.1480 0.3129
vn 0.0761 0.1677 0.9829
vn -0.9248 0.3744 -0.0674
vn -0.6552 0.1398 -0.7424
vn 0.7796 0.0635 -0.6230
vn 0.1909 0.7868 0.5870
vn -0.4754 0.5180 0.7111
vn -0.6304 0.5416 -0.5561
vn -0.2583 0.7059 -0.6595
vn 0.5955 0.5855 -0.5500
vn -0.0583 0.9979 -0.0280
vn 0.6223 0.5726 -0.5337
vn 0.6820 0.6727 -0.2871
vn -0.0716 0.9969 -0.0326
vn -0.2857 0.7166 -0.6363
vn -0.5744 0.5370 -0.6178
vn 0.0367 0.9804 -0.1935
vn -0.5550 0.7970 -0.2382
vn -0.7441 0.5071 0.4348
vn 0.1937 0.9802 0.0400
vn 0.1015 0.7444 0.6600
vn 0.0551 0.7743 0.6304
vn -0.0609 0.9863 0.1535
vn 0.2614 0.8426 0.4709
vn 0.6453 0.7104 0.2809
vn 0.6835 0.4053 -0.6072
vn 0.7084 0.4376 -0.5538
vn 0.8508 0.3088 -0.4252
vn -0.2542 0.7223 -0.6432
vn -0.5623 0.5491 -0.6183
vn -0.5703 0.5524 -0.6079
vn -0.7025 0.4441 -0.5562
vn -0.9767 0.2052 -0.0628
vn -0.7787 0.4553 0.4317
vn -0.4226 0.7687 0.4801
vn 0.0981 0.5281 0.8435
vn -0.0082 0.4927 0.8702
vn 0.2381 0.7367 0.6329
vn 0.8439 0.4605 0.2753
vn 0.8192 0.4069 0.4042
vn 0.6775 0.2014 -0.7074
vn 0.6850 0.1043 -0.7210
vn -0.0136 -0.3192 -0.9476
vn -0.7102 0.4570 -0.5355
vn -0.7803 0.1866 -0.5970
vn -0.8679 0.1184 -0.4825
vn -0.8041 0.5357 0.2580
vn -0.9485 0.0529 0.3122
vn -0.5904 -0.2817 0.7564
vn -0.0975 0.5354 0.8390
vn -0.0672 0.0631 0.9957
vn 0.5378 -0.2842 0.7937
vn 0.9927 0.0794 -0.0903
vn 0.9617 0.2563 -0.0972
vn 0.8350 0.0061 -0.5502
vn 0.7753 -0.3805 -0.5042
vn 0.1887 -0.7919 -0.5808
vn -0.0721 -0.6321 -0.7716
vn -0.4855 -0.6152 -0.6212
vn -0.5535 -0.7293 -0.4022
vn -0.7039 -0.6433 -0.3013
vn -0.7240 -0.6617 0.1947
vn -0.4911 -0.7947 0.3568
vn -0.4089 -0.6617 0.6284
vn 0.7162 -0.3818 -0.5842
vn 0.6071 -0.7947 0.0000
vn 0.3313 -0.9435 0.0000
vn -0.0385 -0.6617 0.7488
vn 0.1876 -0.7947 0.5773
vn 0.4725 -0.6609 0.5830
usemtl Material.004
s off
f 2313//810 2326//810 2325//810
f 2314//811 2326//811 2328//811
f 2313//812 2325//812 2330//812
f 2313//813 2330//813 2332//813
f 2313//814 2332//814 2329//814
f 2314//815 2328//815 2335//815
f 2315//816 2327//816 2337//816
f 2316//817 2331//817 2339//817
f 2317//818 2333//818 2341//818
f 2318//819 2334//819 2343//819
f 2314//820 2335//820 2338//820
f 2315//821 2337//821 2340//821
f 2316//822 2339//822 2342//822
f 2317//823 2341//823 2344//823
f 2318//824 2343//824 2336//824
f 2319//825 2345//825 2350//825
f 2320//826 2346//826 2352//826
f 2321//827 2347//827 2353//827
f 2322//828 2348//828 2354//828
f 2323//829 2349//829 2351//829
f 2351//830 2354//830 2324//830
f 2351//831 2349//831 2354//831
f 2349//832 2322//832 2354//832
f 2354//833 2353//833 2324//833
f 2354//834 2348//834 2353//834
f 2348//835 2321//835 2353//835
f 2353//836 2352//836 2324//836
f 2353//837 2347//837 2352//837
f 2347//838 2320//838 2352//838
f 2352//839 2350//839 2324//839
f 2352//840 2346//840 2350//840
f 2346//841 2319//841 2350//841
f 2350//842 2351//842 2324//842
f 2350//843 2345//843 2351//843
f 2345//844 2323//844 2351//844
f 2336//845 2349//845 2323//845
f 2336//846 2343//846 2349//846
f 2343//847 2322//847 2349//847
f 2344//848 2348//848 2322//848
f 2344//849 2341//849 2348//849
f 2341//850 2321//850 2348//850
f 2342//851 2347//851 2321//851
f 2342//852 2339//852 2347//852
f 2339//853 2320//853 2347//853
f 2340//854 2346//854 2320//854
f 2340//855 2337//855 2346//855
f 2337//856 2319//856 2346//856
f 2338//857 2345//857 2319//857
f 2338//858 2335//858 2345//858
f 2335//859 2323//859 2345//859
f 2343//860 2344//860 2322//860
f 2343//861 2334//861 2344//861
f 2334//862 2317//862 2344//862
f 2341//863 2342//863 2321//863
f 2341//864 2333//864 2342//864
f 2333//865 2316//865 2342//865
f 2339//866 2340//866 2320//866
f 2339//867 2331//867 2340//867
f 2331//868 2315//868 2340//868
f 2337//869 2338//869 2319//869
f 2337//870 2327//870 2338//870
f 2327//871 2314//871 2338//871
f 2335//872 2336//872 2323//872
f 2335//873 2328//873 2336//873
f 2328//874 2318//874 2336//874
f 2329//875 2334//875 2318//875
f 2329//876 2332//876 2334//876
f 2332//877 2317//877 2334//877
f 2332//878 2333//878 2317//878
f 2332//879 2330//879 2333//879
f 2330//880 2316//880 2333//880
f 2330//881 2331//881 2316//881
f 2330//882 2325//882 2331//882
f 2325//883 2315//883 2331//883
f 2328//884 2329//884 2318//884
f 2328//885 2326//885 2329//885
f 2326//886 2313//886 2329//886
f 2325//887 2327//887 2315//887
f 2325//888 2326//888 2327//888
f 2326//889 2314//889 2327//889
o Icosphere.002
v -5.233531 11.584622 -1.035777
v -3.312293 13.054132 0.360271
v -5.967933 13.053436 1.224517
v -7.610147 13.053448 -1.035777
v -5.937669 13.077429 -3.236693
v -3.717542 13.171620 -2.161724
v -4.606774 15.060889 0.460164
v -6.557525 15.038157 -0.036377
v -6.419477 14.966846 -1.896992
v -4.638185 15.202189 -2.794538
v -3.404689 15.162401 -0.993134
v -5.249023 15.863173 -1.078104
v -5.665198 11.981455 0.292781
v -4.103390 11.981455 -0.214690
v -4.535052 12.844804 1.113880
v -2.973241 12.844809 -1.035777
v -4.103390 11.981455 -1.856863
v -6.630469 11.981462 -1.035777
v -7.062147 12.844808 0.292785
v -5.665198 11.981455 -2.364334
v -6.938822 12.901926 -2.280470
v -4.538295 12.847858 -3.179380
v -3.268672 14.223164 -0.323405
v -3.383045 14.151919 -1.643228
v -5.237834 14.122574 0.985544
v -3.740449 14.249630 1.078532
v -7.186051 14.230429 -0.318191
v -6.725039 14.249512 1.079041
v -6.310211 14.199780 -2.696478
v -7.112305 14.171452 -1.656932
v -4.207825 14.185303 -2.671873
v -5.233896 14.240874 -3.638739
v -3.930786 15.255941 -0.021188
v -5.765337 15.230182 0.353420
v -6.911986 15.330821 -0.984291
v -5.642157 15.134018 -2.474344
v -4.128316 15.084064 -1.859991
v -4.943124 15.774500 -0.386993
v -4.214561 15.924132 -1.059202
v -6.147011 16.015966 -0.474243
v -5.994984 15.793383 -1.573256
v -4.938995 15.856086 -1.976882
vn 0.1024 -0.9435 0.3151
vn 0.7005 -0.6609 0.2692
vn -0.2680 -0.9435 0.1947
vn -0.2680 -0.9435 -0.1947
vn 0.1024 -0.9435 -0.3151
vn 0.9706 0.0934 0.2217
vn 0.0982 0.1528 0.9834
vn -0.9155 0.0909 0.3919
vn -0.6965 0.1101 -0.7090
vn 0.7693 0.0516 -0.6368
vn 0.9382 0.1480 0.3129
vn 0.0761 0.1677 0.9829
vn -0.9248 0.3744 -0.0674
vn -0.6552 0.1398 -0.7424
vn 0.7796 0.0635 -0.6230
vn 0.1909 0.7868 0.5870
vn -0.4754 0.5180 0.7111
vn -0.6304 0.5416 -0.5561
vn -0.2583 0.7059 -0.6595
vn 0.5955 0.5855 -0.5500
vn -0.0583 0.9979 -0.0280
vn 0.6223 0.5726 -0.5337
vn 0.6820 0.6727 -0.2871
vn -0.0716 0.9969 -0.0326
vn -0.2857 0.7166 -0.6363
vn -0.5744 0.5370 -0.6178
vn 0.0367 0.9804 -0.1935
vn -0.5550 0.7970 -0.2382
vn -0.7441 0.5071 0.4348
vn 0.1937 0.9802 0.0400
vn 0.1015 0.7444 0.6600
vn 0.0551 0.7743 0.6304
vn -0.0609 0.9863 0.1535
vn 0.2614 0.8426 0.4709
vn 0.6453 0.7104 0.2809
vn 0.6835 0.4053 -0.6072
vn 0.7084 0.4376 -0.5538
vn 0.8508 0.3088 -0.4252
vn -0.2542 0.7223 -0.6432
vn -0.5623 0.5491 -0.6183
vn -0.5703 0.5524 -0.6079
vn -0.7025 0.4441 -0.5562
vn -0.9767 0.2052 -0.0628
vn -0.7787 0.4553 0.4317
vn -0.4226 0.7687 0.4801
vn 0.0981 0.5281 0.8435
vn -0.0082 0.4927 0.8702
vn 0.2381 0.7367 0.6329
vn 0.8439 0.4605 0.2753
vn 0.8192 0.4069 0.4042
vn 0.6775 0.2014 -0.7074
vn 0.6850 0.1043 -0.7210
vn -0.0136 -0.3192 -0.9476
vn -0.7102 0.4570 -0.5355
vn -0.7803 0.1866 -0.5970
vn -0.8679 0.1184 -0.4825
vn -0.8041 0.5357 0.2580
vn -0.9485 0.0529 0.3122
vn -0.5904 -0.2817 0.7564
vn -0.0975 0.5354 0.8390
vn -0.0672 0.0631 0.9957
vn 0.5378 -0.2842 0.7937
vn 0.9927 0.0794 -0.0903
vn 0.9617 0.2563 -0.0972
vn 0.8350 0.0061 -0.5502
vn 0.7753 -0.3805 -0.5042
vn 0.1887 -0.7919 -0.5808
vn -0.0721 -0.6321 -0.7716
vn -0.4855 -0.6152 -0.6212
vn -0.5535 -0.7293 -0.4022
vn -0.7039 -0.6433 -0.3013
vn -0.7240 -0.6617 0.1947
vn -0.4911 -0.7947 0.3568
vn -0.4089 -0.6617 0.6284
vn 0.7162 -0.3818 -0.5842
vn 0.6071 -0.7947 0.0000
vn 0.3313 -0.9435 0.0000
vn -0.0385 -0.6617 0.7488
vn 0.1876 -0.7947 0.5773
vn 0.4725 -0.6610 0.5830
usemtl Material.005
s off
f 2355//890 2368//890 2367//890
f 2356//891 2368//891 2370//891
f 2355//892 2367//892 2372//892
f 2355//893 2372//893 2374//893
f 2355//894 2374//894 2371//894
f 2356//895 2370//895 2377//895
f 2357//896 2369//896 2379//896
f 2358//897 2373//897 2381//897
f 2359//898 2375//898 2383//898
f 2360//899 2376//899 2385//899
f 2356//900 2377//900 2380//900
f 2357//901 2379//901 2382//901
f 2358//902 2381//902 2384//902
f 2359//903 2383//903 2386//903
f 2360//904 2385//904 2378//904
f 2361//905 2387//905 2392//905
f 2362//906 2388//906 2394//906
f 2363//907 2389//907 2395//907
f 2364//908 2390//908 2396//908
f 2365//909 2391//909 2393//909
f 2393//910 2396//910 2366//910
f 2393//911 2391//911 2396//911
f 2391//912 2364//912 2396//912
f 2396//913 2395//913 2366//913
f 2396//914 2390//914 2395//914
f 2390//915 2363//915 2395//915
f 2395//916 2394//916 2366//916
f 2395//917 2389//917 2394//917
f 2389//918 2362//918 2394//918
f 2394//919 2392//919 2366//919
f 2394//920 2388//920 2392//920
f 2388//921 2361//921 2392//921
f 2392//922 2393//922 2366//922
f 2392//923 2387//923 2393//923
f 2387//924 2365//924 2393//924
f 2378//925 2391//925 2365//925
f 2378//926 2385//926 2391//926
f 2385//927 2364//927 2391//927
f 2386//928 2390//928 2364//928
f 2386//929 2383//929 2390//929
f 2383//930 2363//930 2390//930
f 2384//931 2389//931 2363//931
f 2384//932 2381//932 2389//932
f 2381//933 2362//933 2389//933
f 2382//934 2388//934 2362//934
f 2382//935 2379//935 2388//935
f 2379//936 2361//936 2388//936
f 2380//937 2387//937 2361//937
f 2380//938 2377//938 2387//938
f 2377//939 2365//939 2387//939
f 2385//940 2386//940 2364//940
f 2385//941 2376//941 2386//941
f 2376//942 2359//942 2386//942
f 2383//943 2384//943 2363//943
f 2383//944 2375//944 2384//944
f 2375//945 2358//945 2384//945
f 2381//946 2382//946 2362//946
f 2381//947 2373//947 2382//947
f 2373//948 2357//948 2382//948
f 2379//949 2380//949 2361//949
f 2379//950 2369//950 2380//950
f 2369//951 2356//951 2380//951
f 2377//952 2378//952 2365//952
f 2377//953 2370//953 2378//953
f 2370//954 2360//954 2378//954
f 2371//955 2376//955 2360//955
f 2371//956 2374//956 2376//956
f 2374//957 2359//957 2376//957
f 2374//958 2375//958 2359//958
f 2374//959 2372//959 2375//959
f 2372//960 2358//960 2375//960
f 2372//961 2373//961 2358//961
f 2372//962 2367//962 2373//962
f 2367//963 2357//963 2373//963
f 2370//964 2371//964 2360//964
f 2370//965 2368//965 2371//965
f 2368//966 2355//966 2371//966
f 2367//967 2369//967 2357//967
f 2367//968 2368//968 2369//968
f 2368//969 2356//969 2369//969
o Icosphere.003
v -2.814995 9.725760 -2.729451
v 0.450290 12.223299 -0.356767
v -4.063164 12.222116 1.112083
v -6.854226 12.222136 -2.729451
v -4.011729 12.262894 -6.470069
v -0.238461 12.422978 -4.643080
v -1.749776 15.633928 -0.186991
v -5.065219 15.595292 -1.030898
v -4.830597 15.474096 -4.193149
v -1.803160 15.874078 -5.718595
v 0.293256 15.806455 -2.656977
v -2.841325 16.997469 -2.801389
v -3.548645 10.400205 -0.471472
v -0.894237 10.400206 -1.333955
v -1.627879 11.867530 0.924047
v 1.026533 11.867537 -2.729451
v -0.894237 10.400206 -4.124948
v -5.189192 10.400217 -2.729451
v -5.922860 11.867537 -0.471464
v -3.548645 10.400205 -4.987431
v -5.713261 11.964613 -4.844897
v -1.633390 11.872721 -6.372661
v 0.524427 14.210153 -1.518724
v 0.330041 14.089068 -3.761858
v -2.822307 14.039193 0.705931
v -0.277394 14.255135 0.863970
v -6.133444 14.222501 -1.509861
v -5.349921 14.254933 0.864835
v -4.644891 14.170410 -5.551934
v -6.008108 14.122265 -3.785150
v -1.071731 14.145805 -5.510116
v -2.815615 14.240252 -7.153376
v -0.600884 15.965433 -1.005085
v -3.718836 15.921653 -0.368411
v -5.667650 16.092697 -2.641948
v -3.509484 15.758216 -5.174401
v -0.936602 15.673315 -4.130263
v -2.321427 16.846762 -1.626796
v -1.083181 17.101074 -2.769265
v -4.367520 17.257151 -1.775085
v -4.109139 16.878855 -3.642937
v -2.314409 16.985424 -4.328928
vn 0.1024 -0.9435 0.3151
vn 0.7005 -0.6609 0.2692
vn -0.2680 -0.9435 0.1947
vn -0.2680 -0.9435 -0.1947
vn 0.1024 -0.9435 -0.3151
vn 0.9706 0.0934 0.2217
vn 0.0982 0.1528 0.9834
vn -0.9155 0.0909 0.3919
vn -0.6965 0.1101 -0.7090
vn 0.7693 0.0516 -0.6368
vn 0.9382 0.1480 0.3129
vn 0.0761 0.1677 0.9829
vn -0.9248 0.3744 -0.0674
vn -0.6552 0.1398 -0.7424
vn 0.7796 0.0635 -0.6230
vn 0.1909 0.7868 0.5870
vn -0.4754 0.5180 0.7111
vn -0.6304 0.5416 -0.5561
vn -0.2583 0.7059 -0.6595
vn 0.5955 0.5855 -0.5500
vn -0.0583 0.9979 -0.0280
vn 0.6223 0.5726 -0.5337
vn 0.6820 0.6727 -0.2871
vn -0.0716 0.9969 -0.0326
vn -0.2857 0.7166 -0.6363
vn -0.5744 0.5370 -0.6178
vn 0.0367 0.9804 -0.1935
vn -0.5550 0.7970 -0.2382
vn -0.7441 0.5071 0.4348
vn 0.1937 0.9802 0.0400
vn 0.1015 0.7444 0.6600
vn 0.0551 0.7743 0.6304
vn -0.0609 0.9863 0.1535
vn 0.2614 0.8426 0.4709
vn 0.6453 0.7104 0.2809
vn 0.6835 0.4053 -0.6072
vn 0.7084 0.4376 -0.5538
vn 0.8508 0.3088 -0.4252
vn -0.2542 0.7223 -0.6432
vn -0.5623 0.5491 -0.6183
vn -0.5703 0.5524 -0.6079
vn -0.7025 0.4441 -0.5562
vn -0.9767 0.2052 -0.0628
vn -0.7787 0.4553 0.4317
vn -0.4226 0.7687 0.4801
vn 0.0981 0.5281 0.8435
vn -0.0082 0.4927 0.8702
vn 0.2381 0.7367 0.6329
vn 0.8439 0.4605 0.2753
vn 0.8192 0.4069 0.4042
vn 0.6775 0.2014 -0.7074
vn 0.6850 0.1043 -0.7210
vn -0.0136 -0.3192 -0.9476
vn -0.7102 0.4570 -0.5355
vn -0.7803 0.1866 -0.5970
vn -0.8679 0.1184 -0.4825
vn -0.8041 0.5357 0.2580
vn -0.9485 0.0529 0.3122
vn -0.5904 -0.2817 0.7564
vn -0.0975 0.5354 0.8390
vn -0.0672 0.0631 0.9957
vn 0.5378 -0.2842 0.7937
vn 0.9927 0.0794 -0.0903
vn 0.9617 0.2563 -0.0972
vn 0.8350 0.0061 -0.5502
vn 0.7753 -0.3805 -0.5042
vn 0.1887 -0.7919 -0.5808
vn -0.0721 -0.6321 -0.7716
vn -0.4855 -0.6152 -0.6212
vn -0.5535 -0.7293 -0.4022
vn -0.7039 -0.6433 -0.3013
vn -0.7240 -0.6617 0.1947
vn -0.4911 -0.7947 0.3568
vn -0.4089 -0.6617 0.6284
vn 0.7162 -0.3818 -0.5842
vn 0.6071 -0.7947 0.0000
vn 0.3313 -0.9435 0.0000
vn -0.0385 -0.6617 0.7488
vn 0.1876 -0.7947 0.5773
vn 0.4725 -0.6610 0.5830
usemtl Material.001
s off
f 2397//970 2410//970 2409//970
f 2398//971 2410//971 2412//971
f 2397//972 2409//972 2414//972
f 2397//973 2414//973 2416//973
f 2397//974 2416//974 2413//974
f 2398//975 2412//975 2419//975
f 2399//976 2411//976 2421//976
f 2400//977 2415//977 2423//977
f 2401//978 2417//978 2425//978
f 2402//979 2418//979 2427//979
f 2398//980 2419//980 2422//980
f 2399//981 2421//981 2424//981
f 2400//982 2423//982 2426//982
f 2401//983 2425//983 2428//983
f 2402//984 2427//984 2420//984
f 2403//985 2429//985 2434//985
f 2404//986 2430//986 2436//986
f 2405//987 2431//987 2437//987
f 2406//988 2432//988 2438//988
f 2407//989 2433//989 2435//989
f 2435//990 2438//990 2408//990
f 2435//991 2433//991 2438//991
f 2433//992 2406//992 2438//992
f 2438//993 2437//993 2408//993
f 2438//994 2432//994 2437//994
f 2432//995 2405//995 2437//995
f 2437//996 2436//996 2408//996
f 2437//997 2431//997 2436//997
f 2431//998 2404//998 2436//998
f 2436//999 2434//999 2408//999
f 2436//1000 2430//1000 2434//1000
f 2430//1001 2403//1001 2434//1001
f 2434//1002 2435//1002 2408//1002
f 2434//1003 2429//1003 2435//1003
f 2429//1004 2407//1004 2435//1004
f 2420//1005 2433//1005 2407//1005
f 2420//1006 2427//1006 2433//1006
f 2427//1007 2406//1007 2433//1007
f 2428//1008 2432//1008 2406//1008
f 2428//1009 2425//1009 2432//1009
f 2425//1010 2405//1010 2432//1010
f 2426//1011 2431//1011 2405//1011
f 2426//1012 2423//1012 2431//1012
f 2423//1013 2404//1013 2431//1013
f 2424//1014 2430//1014 2404//1014
f 2424//1015 2421//1015 2430//1015
f 2421//1016 2403//1016 2430//1016
f 2422//1017 2429//1017 2403//1017
f 2422//1018 2419//1018 2429//1018
f 2419//1019 2407//1019 2429//1019
f 2427//1020 2428//1020 2406//1020
f 2427//1021 2418//1021 2428//1021
f 2418//1022 2401//1022 2428//1022
f 2425//1023 2426//1023 2405//1023
f 2425//1024 2417//1024 2426//1024
f 2417//1025 2400//1025 2426//1025
f 2423//1026 2424//1026 2404//1026
f 2423//1027 2415//1027 2424//1027
f 2415//1028 2399//1028 2424//1028
f 2421//1029 2422//1029 2403//1029
f 2421//1030 2411//1030 2422//1030
f 2411//1031 2398//1031 2422//1031
f 2419//1032 2420//1032 2407//1032
f 2419//1033 2412//1033 2420//1033
f 2412//1034 2402//1034 2420//1034
f 2413//1035 2418//1035 2402//1035
f 2413//1036 2416//1036 2418//1036
f 2416//1037 2401//1037 2418//1037
f 2416//1038 2417//1038 2401//1038
f 2416//1039 2414//1039 2417//1039
f 2414//1040 2400//1040 2417//1040
f 2414//1041 2415//1041 2400//1041
f 2414//1042 2409//1042 2415//1042
f 2409//1043 2399//1043 2415//1043
f 2412//1044 2413//1044 2402//1044
f 2412//1045 2410//1045 2413//1045
f 2410//1046 2397//1046 2413//1046
f 2409//1047 2411//1047 2399//1047
f 2409//1048 2410//1048 2411//1048
f 2410//1049 2398//1049 2411//1049
o Icosphere.004
v -2.814995 10.448355 1.542403
v 0.450290 12.945893 3.915087
v -4.063164 12.944711 5.383937
v -6.854226 12.944730 1.542403
v -4.011729 12.985488 -2.198214
v -0.238461 13.145573 -0.371225
v -1.749776 16.356524 4.084864
v -5.065219 16.317886 3.240956
v -4.830597 16.196692 0.078706
v -1.803160 16.596672 -1.446740
v 0.293256 16.529049 1.614877
v -2.841325 17.720062 1.470465
v -3.548645 11.122799 3.800383
v -0.894237 11.122801 2.937899
v -1.627879 12.590124 5.195902
v 1.026533 12.590132 1.542403
v -0.894237 11.122801 0.146907
v -5.189192 11.122811 1.542403
v -5.922860 12.590131 3.800390
v -3.548645 11.122799 -0.715576
v -5.713261 12.687207 -0.573043
v -1.633390 12.595315 -2.100806
v 0.524427 14.932747 2.753130
v 0.330041 14.811663 0.509996
v -2.822307 14.761787 4.977786
v -0.277394 14.977729 5.135824
v -6.133444 14.945095 2.761993
v -5.349921 14.977528 5.136689
v -4.644891 14.893004 -1.280080
v -6.008108 14.844859 0.486704
v -1.071731 14.868400 -1.238261
v -2.815615 14.962847 -2.881522
v -0.600884 16.688028 3.266770
v -3.718836 16.644247 3.903444
v -5.667650 16.815290 1.629906
v -3.509484 16.480810 -0.902547
v -0.936602 16.395910 0.141591
v -2.321427 17.569357 2.645059
v -1.083181 17.823668 1.502589
v -4.367520 17.979744 2.496770
v -4.109139 17.601448 0.628918
v -2.314409 17.708017 -0.057074
vn 0.1024 -0.9435 0.3151
vn 0.7005 -0.6609 0.2692
vn -0.2680 -0.9435 0.1947
vn -0.2680 -0.9435 -0.1947
vn 0.1024 -0.9435 -0.3151
vn 0.9706 0.0934 0.2217
vn 0.0982 0.1528 0.9834
vn -0.9155 0.0909 0.3919
vn -0.6965 0.1101 -0.7090
vn 0.7693 0.0516 -0.6368
vn 0.9382 0.1480 0.3129
vn 0.0761 0.1677 0.9829
vn -0.9248 0.3744 -0.0674
vn -0.6552 0.1398 -0.7424
vn 0.7796 0.0635 -0.6230
vn 0.1909 0.7868 0.5870
vn -0.4754 0.5180 0.7111
vn -0.6304 0.5416 -0.5561
vn -0.2583 0.7059 -0.6595
vn 0.5955 0.5855 -0.5500
vn -0.0583 0.9979 -0.0280
vn 0.6223 0.5726 -0.5337
vn 0.6820 0.6727 -0.2871
vn -0.0716 0.9969 -0.0326
vn -0.2857 0.7166 -0.6363
vn -0.5744 0.5370 -0.6178
vn 0.0367 0.9804 -0.1935
vn -0.5550 0.7970 -0.2382
vn -0.7441 0.5071 0.4348
vn 0.1937 0.9802 0.0400
vn 0.1015 0.7444 0.6600
vn 0.0551 0.7743 0.6304
vn -0.0609 0.9863 0.1535
vn 0.2614 0.8426 0.4709
vn 0.6453 0.7104 0.2809
vn 0.6835 0.4053 -0.6072
vn 0.7084 0.4376 -0.5538
vn 0.8508 0.3088 -0.4252
vn -0.2542 0.7223 -0.6432
vn -0.5623 0.5491 -0.6183
vn -0.5703 0.5524 -0.6079
vn -0.7025 0.4441 -0.5562
vn -0.9767 0.2052 -0.0628
vn -0.7787 0.4553 0.4317
vn -0.4226 0.7687 0.4801
vn 0.0981 0.5281 0.8435
vn -0.0082 0.4927 0.8702
vn 0.2381 0.7367 0.6329
vn 0.8439 0.4605 0.2753
vn 0.8192 0.4069 0.4042
vn 0.6775 0.2014 -0.7074
vn 0.6850 0.1043 -0.7210
vn -0.0136 -0.3192 -0.9476
vn -0.7102 0.4570 -0.5355
vn -0.7803 0.1866 -0.5970
vn -0.8679 0.1184 -0.4825
vn -0.8041 0.5357 0.2580
vn -0.9485 0.0529 0.3122
vn -0.5904 -0.2817 0.7564
vn -0.0975 0.5354 0.8390
vn -0.0672 0.0631 0.9957
vn 0.5378 -0.2842 0.7937
vn 0.9927 0.0794 -0.0903
vn 0.9617 0.2563 -0.0972
vn 0.8350 0.0061 -0.5502
vn 0.7753 -0.3805 -0.5042
vn 0.1887 -0.7919 -0.5808
vn -0.0721 -0.6321 -0.7716
vn -0.4855 -0.6152 -0.6212
vn -0.5535 -0.7293 -0.4022
vn -0.7039 -0.6433 -0.3013
vn -0.7240 -0.6617 0.1947
vn -0.4911 -0.7947 0.3568
vn -0.4089 -0.6617 0.6284
vn 0.7162 -0.3818 -0.5842
vn 0.6071 -0.7947 0.0000
vn 0.3313 -0.9435 0.0000
vn -0.0385 -0.6617 0.7488
vn 0.1876 -0.7947 0.5773
vn 0.4725 -0.6610 0.5830
usemtl Material.012
s off
f 2439//1050 2452//1050 2451//1050
f 2440//1051 2452//1051 2454//1051
f 2439//1052 2451//1052 2456//1052
f 2439//1053 2456//1053 2458//1053
f 2439//1054 2458//1054 2455//1054
f 2440//1055 2454//1055 2461//1055
f 2441//1056 2453//1056 2463//1056
f 2442//1057 2457//1057 2465//1057
f 2443//1058 2459//1058 2467//1058
f 2444//1059 2460//1059 2469//1059
f 2440//1060 2461//1060 2464//1060
f 2441//1061 2463//1061 2466//1061
f 2442//1062 2465//1062 2468//1062
f 2443//1063 2467//1063 2470//1063
f 2444//1064 2469//1064 2462//1064
f 2445//1065 2471//1065 2476//1065
f 2446//1066 2472//1066 2478//1066
f 2447//1067 2473//1067 2479//1067
f 2448//1068 2474//1068 2480//1068
f 2449//1069 2475//1069 2477//1069
f 2477//1070 2480//1070 2450//1070
f 2477//1071 2475//1071 2480//1071
f 2475//1072 2448//1072 2480//1072
f 2480//1073 2479//1073 2450//1073
f 2480//1074 2474//1074 2479//1074
f 2474//1075 2447//1075 2479//1075
f 2479//1076 2478//1076 2450//1076
f 2479//1077 2473//1077 2478//1077
f 2473//1078 2446//1078 2478//1078
f 2478//1079 2476//1079 2450//1079
f 2478//1080 2472//1080 2476//1080
f 2472//1081 2445//1081 2476//1081
f 2476//1082 2477//1082 2450//1082
f 2476//1083 2471//1083 2477//1083
f 2471//1084 2449//1084 2477//1084
f 2462//1085 2475//1085 2449//1085
f 2462//1086 2469//1086 2475//1086
f 2469//1087 2448//1087 2475//1087
f 2470//1088 2474//1088 2448//1088
f 2470//1089 2467//1089 2474//1089
f 2467//1090 2447//1090 2474//1090
f 2468//1091 2473//1091 2447//1091
f 2468//1092 2465//1092 2473//1092
f 2465//1093 2446//1093 2473//1093
f 2466//1094 2472//1094 2446//1094
f 2466//1095 2463//1095 2472//1095
f 2463//1096 2445//1096 2472//1096
f 2464//1097 2471//1097 2445//1097
f 2464//1098 2461//1098 2471//1098
f 2461//1099 2449//1099 2471//1099
f 2469//1100 2470//1100 2448//1100
f 2469//1101 2460//1101 2470//1101
f 2460//1102 2443//1102 2470//1102
f 2467//1103 2468//1103 2447//1103
f 2467//1104 2459//1104 2468//1104
f 2459//1105 2442//1105 2468//1105
f 2465//1106 2466//1106 2446//1106
f 2465//1107 2457//1107 2466//1107
f 2457//1108 2441//1108 2466//1108
f 2463//1109 2464//1109 2445//1109
f 2463//1110 2453//1110 2464//1110
f 2453//1111 2440//1111 2464//1111
f 2461//1112 2462//1112 2449//1112
f 2461//1113 2454//1113 2462//1113
f 2454//1114 2444//1114 2462//1114
f 2455//1115 2460//1115 2444//1115
f 2455//1116 2458//1116 2460//1116
f 2458//1117 2443//1117 2460//1117
f 2458//1118 2459//1118 2443//1118
f 2458//1119 2456//1119 2459//1119
f 2456//1120 2442//1120 2459//1120
f 2456//1121 2457//1121 2442//1121
f 2456//1122 2451//1122 2457//1122
f 2451//1123 2441//1123 2457//1123
f 2454//1124 2455//1124 2444//1124
f 2454//1125 2452//1125 2455//1125
f 2452//1126 2439//1126 2455//1126
f 2451//1127 2453//1127 2441//1127
f 2451//1128 2452//1128 2453//1128
f 2452//1129 2440//1129 2453//1129
o Icosphere.005
v 2.495897 11.428080 1.542403
v 5.761182 13.925619 3.915087
v 1.247728 13.924437 5.383937
v -1.543334 13.924456 1.542403
v 1.299164 13.965214 -2.198214
v 5.072432 14.125299 -0.371225
v 3.561117 17.336248 4.084864
v 0.245674 17.297611 3.240956
v 0.480295 17.176416 0.078706
v 3.507733 17.576399 -1.446740
v 5.604148 17.508776 1.614877
v 2.469568 18.699789 1.470465
v 1.762248 12.102525 3.800383
v 4.416656 12.102526 2.937899
v 3.683013 13.569850 5.195902
v 6.337425 13.569858 1.542403
v 4.416656 12.102526 0.146907
v 0.121701 12.102537 1.542403
v -0.611968 13.569857 3.800390
v 1.762248 12.102525 -0.715576
v -0.402368 13.666933 -0.573043
v 3.677502 13.575041 -2.100806
v 5.835320 15.912473 2.753130
v 5.640933 15.791389 0.509996
v 2.488585 15.741513 4.977786
v 5.033499 15.957455 5.135824
v -0.822551 15.924821 2.761993
v -0.039029 15.957253 5.136689
v 0.666001 15.872730 -1.280080
v -0.697216 15.824585 0.486704
v 4.239161 15.848125 -1.238261
v 2.495277 15.942573 -2.881522
v 4.710008 17.667753 3.266770
v 1.592056 17.623972 3.903444
v -0.356758 17.795017 1.629906
v 1.801408 17.460537 -0.902547
v 4.374291 17.375635 0.141591
v 2.989466 18.549082 2.645059
v 4.227711 18.803394 1.502589
v 0.943373 18.959471 2.496770
v 1.201753 18.581175 0.628918
v 2.996483 18.687744 -0.057074
vn 0.1024 -0.9435 0.3151
vn 0.7005 -0.6609 0.2692
vn -0.2680 -0.9435 0.1947
vn -0.2680 -0.9435 -0.1947
vn 0.1024 -0.9435 -0.3151
vn 0.9706 0.0934 0.2217
vn 0.0982 0.1528 0.9834
vn -0.9155 0.0909 0.3919
vn -0.6965 0.1101 -0.7090
vn 0.7693 0.0516 -0.6368
vn 0.9382 0.1480 0.3129
vn 0.0761 0.1677 0.9829
vn -0.9248 0.3744 -0.0674
vn -0.6552 0.1398 -0.7424
vn 0.7796 0.0635 -0.6230
vn 0.1909 0.7868 0.5870
vn -0.4754 0.5180 0.7111
vn -0.6304 0.5416 -0.5561
vn -0.2583 0.7059 -0.6595
vn 0.5955 0.5855 -0.5501
vn -0.0583 0.9979 -0.0280
vn 0.6223 0.5726 -0.5337
vn 0.6820 0.6727 -0.2871
vn -0.0716 0.9969 -0.0326
vn -0.2857 0.7166 -0.6363
vn -0.5744 0.5370 -0.6178
vn 0.0367 0.9804 -0.1935
vn -0.5550 0.7970 -0.2382
vn -0.7441 0.5071 0.4348
vn 0.1937 0.9802 0.0400
vn 0.1015 0.7444 0.6600
vn 0.0551 0.7743 0.6304
vn -0.0609 0.9863 0.1535
vn 0.2614 0.8426 0.4709
vn 0.6453 0.7104 0.2809
vn 0.6835 0.4053 -0.6072
vn 0.7084 0.4376 -0.5538
vn 0.8508 0.3088 -0.4252
vn -0.2542 0.7223 -0.6432
vn -0.5623 0.5491 -0.6183
vn -0.5703 0.5524 -0.6079
vn -0.7025 0.4441 -0.5562
vn -0.9767 0.2052 -0.0628
vn -0.7787 0.4553 0.4317
vn -0.4226 0.7687 0.4801
vn 0.0981 0.5281 0.8435
vn -0.0082 0.4927 0.8702
vn 0.2381 0.7367 0.6329
vn 0.8439 0.4605 0.2753
vn 0.8192 0.4069 0.4042
vn 0.6775 0.2014 -0.7074
vn 0.6850 0.1043 -0.7210
vn -0.0136 -0.3192 -0.9476
vn -0.7102 0.4570 -0.5355
vn -0.7803 0.1866 -0.5970
vn -0.8679 0.1184 -0.4825
vn -0.8041 0.5357 0.2580
vn -0.9485 0.0529 0.3122
vn -0.5904 -0.2817 0.7564
vn -0.0975 0.5354 0.8390
vn -0.0672 0.0631 0.9957
vn 0.5378 -0.2842 0.7937
vn 0.9927 0.0794 -0.0903
vn 0.9617 0.2563 -0.0972
vn 0.8350 0.0061 -0.5502
vn 0.7753 -0.3805 -0.5042
vn 0.1887 -0.7919 -0.5808
vn -0.0721 -0.6321 -0.7716
vn -0.4855 -0.6152 -0.6212
vn -0.5535 -0.7293 -0.4022
vn -0.7039 -0.6433 -0.3013
vn -0.7240 -0.6617 0.1947
vn -0.4911 -0.7947 0.3568
vn -0.4089 -0.6617 0.6284
vn 0.7162 -0.3818 -0.5842
vn 0.6071 -0.7947 0.0000
vn 0.3313 -0.9435 0.0000
vn -0.0385 -0.6617 0.7488
vn 0.1876 -0.7947 0.5773
vn 0.4725 -0.6610 0.5830
usemtl Material.011
s off
f 2481//1130 2494//1130 2493//1130
f 2482//1131 2494//1131 2496//1131
f 2481//1132 2493//1132 2498//1132
f 2481//1133 2498//1133 2500//1133
f 2481//1134 2500//1134 2497//1134
f 2482//1135 2496//1135 2503//1135
f 2483//1136 2495//1136 2505//1136
f 2484//1137 2499//1137 2507//1137
f 2485//1138 2501//1138 2509//1138
f 2486//1139 2502//1139 2511//1139
f 2482//1140 2503//1140 2506//1140
f 2483//1141 2505//1141 2508//1141
f 2484//1142 2507//1142 2510//1142
f 2485//1143 2509//1143 2512//1143
f 2486//1144 2511//1144 2504//1144
f 2487//1145 2513//1145 2518//1145
f 2488//1146 2514//1146 2520//1146
f 2489//1147 2515//1147 2521//1147
f 2490//1148 2516//1148 2522//1148
f 2491//1149 2517//1149 2519//1149
f 2519//1150 2522//1150 2492//1150
f 2519//1151 2517//1151 2522//1151
f 2517//1152 2490//1152 2522//1152
f 2522//1153 2521//1153 2492//1153
f 2522//1154 2516//1154 2521//1154
f 2516//1155 2489//1155 2521//1155
f 2521//1156 2520//1156 2492//1156
f 2521//1157 2515//1157 2520//1157
f 2515//1158 2488//1158 2520//1158
f 2520//1159 2518//1159 2492//1159
f 2520//1160 2514//1160 2518//1160
f 2514//1161 2487//1161 2518//1161
f 2518//1162 2519//1162 2492//1162
f 2518//1163 2513//1163 2519//1163
f 2513//1164 2491//1164 2519//1164
f 2504//1165 2517//1165 2491//1165
f 2504//1166 2511//1166 2517//1166
f 2511//1167 2490//1167 2517//1167
f 2512//1168 2516//1168 2490//1168
f 2512//1169 2509//1169 2516//1169
f 2509//1170 2489//1170 2516//1170
f 2510//1171 2515//1171 2489//1171
f 2510//1172 2507//1172 2515//1172
f 2507//1173 2488//1173 2515//1173
f 2508//1174 2514//1174 2488//1174
f 2508//1175 2505//1175 2514//1175
f 2505//1176 2487//1176 2514//1176
f 2506//1177 2513//1177 2487//1177
f 2506//1178 2503//1178 2513//1178
f 2503//1179 2491//1179 2513//1179
f 2511//1180 2512//1180 2490//1180
f 2511//1181 2502//1181 2512//1181
f 2502//1182 2485//1182 2512//1182
f 2509//1183 2510//1183 2489//1183
f 2509//1184 2501//1184 2510//1184
f 2501//1185 2484//1185 2510//1185
f 2507//1186 2508//1186 2488//1186
f 2507//1187 2499//1187 2508//1187
f 2499//1188 2483//1188 2508//1188
f 2505//1189 2506//1189 2487//1189
f 2505//1190 2495//1190 2506//1190
f 2495//1191 2482//1191 2506//1191
f 2503//1192 2504//1192 2491//1192
f 2503//1193 2496//1193 2504//1193
f 2496//1194 2486//1194 2504//1194
f 2497//1195 2502//1195 2486//1195
f 2497//1196 2500//1196 2502//1196
f 2500//1197 2485//1197 2502//1197
f 2500//1198 2501//1198 2485//1198
f 2500//1199 2498//1199 2501//1199
f 2498//1200 2484//1200 2501//1200
f 2498//1201 2499//1201 2484//1201
f 2498//1202 2493//1202 2499//1202
f 2493//1203 2483//1203 2499//1203
f 2496//1204 2497//1204 2486//1204
f 2496//1205 2494//1205 2497//1205
f 2494//1206 2481//1206 2497//1206
f 2493//1207 2495//1207 2483//1207
f 2493//1208 2494//1208 2495//1208
f 2494//1209 2482//1209 2495//1209
o Icosphere.006
v 9.474378 10.515091 -1.468951
v 12.168939 12.576097 0.489022
v 8.444370 12.575121 1.701139
v 6.141145 12.575136 -1.468951
v 8.486815 12.608770 -4.555764
v 11.600572 12.740875 -3.048106
v 10.353413 15.390598 0.629125
v 7.617460 15.358715 -0.067281
v 7.811073 15.258703 -2.676816
v 10.309360 15.588774 -3.935637
v 12.039352 15.532969 -1.409145
v 9.452650 16.515812 -1.528316
v 8.868959 11.071652 0.394367
v 11.059416 11.071653 -0.317367
v 10.454003 12.282511 1.545969
v 12.644463 12.282516 -1.468951
v 11.059416 11.071653 -2.620535
v 7.515155 11.071663 -1.468951
v 6.909721 12.282516 0.394373
v 8.868959 11.071652 -3.332270
v 7.082686 12.362625 -3.214649
v 10.449455 12.286794 -4.475382
v 12.230119 14.215677 -0.469841
v 12.069708 14.115757 -2.320909
v 9.468344 14.074599 1.365977
v 11.568443 14.252797 1.496393
v 6.735945 14.225867 -0.462528
v 7.382519 14.252631 1.497107
v 7.964321 14.182881 -3.798106
v 6.839374 14.143151 -2.340130
v 10.912945 14.162578 -3.763597
v 9.473866 14.240517 -5.119639
v 11.301495 15.664161 -0.045979
v 8.728515 15.628033 0.479414
v 7.120324 15.769181 -1.396742
v 8.901275 15.493162 -3.486560
v 11.024456 15.423101 -2.624922
v 9.881678 16.391447 -0.559024
v 10.903496 16.601307 -1.501806
v 8.193212 16.730104 -0.681394
v 8.406430 16.417931 -2.222773
v 9.887468 16.505871 -2.788864
vn 0.1024 -0.9435 0.3151
vn 0.7005 -0.6609 0.2692
vn -0.2680 -0.9435 0.1947
vn -0.2680 -0.9435 -0.1947
vn 0.1024 -0.9435 -0.3151
vn 0.9706 0.0934 0.2217
vn 0.0982 0.1528 0.9834
vn -0.9155 0.0909 0.3919
vn -0.6965 0.1101 -0.7090
vn 0.7693 0.0516 -0.6368
vn 0.9382 0.1480 0.3129
vn 0.0761 0.1677 0.9829
vn -0.9248 0.3744 -0.0674
vn -0.6552 0.1398 -0.7424
vn 0.7796 0.0635 -0.6230
vn 0.1909 0.7868 0.5870
vn -0.4754 0.5180 0.7111
vn -0.6304 0.5416 -0.5561
vn -0.2583 0.7059 -0.6595
vn 0.5955 0.5855 -0.5500
vn -0.0583 0.9979 -0.0280
vn 0.6223 0.5726 -0.5337
vn 0.6820 0.6727 -0.2871
vn -0.0716 0.9969 -0.0326
vn -0.2857 0.7166 -0.6363
vn -0.5744 0.5370 -0.6178
vn 0.0367 0.9804 -0.1935
vn -0.5550 0.7970 -0.2382
vn -0.7441 0.5071 0.4348
vn 0.1937 0.9802 0.0400
vn 0.1015 0.7444 0.6600
vn 0.0551 0.7743 0.6304
vn -0.0609 0.9863 0.1535
vn 0.2614 0.8426 0.4709
vn 0.6453 0.7104 0.2809
vn 0.6835 0.4053 -0.6072
vn 0.7084 0.4376 -0.5538
vn 0.8508 0.3088 -0.4252
vn -0.2542 0.7223 -0.6432
vn -0.5623 0.5491 -0.6183
vn -0.5703 0.5524 -0.6079
vn -0.7025 0.4441 -0.5562
vn -0.9767 0.2052 -0.0628
vn -0.7787 0.4553 0.4317
vn -0.4226 0.7687 0.4801
vn 0.0981 0.5281 0.8435
vn -0.0082 0.4927 0.8702
vn 0.2381 0.7367 0.6329
vn 0.8439 0.4605 0.2753
vn 0.8192 0.4069 0.4042
vn 0.6775 0.2014 -0.7074
vn 0.6850 0.1043 -0.7210
vn -0.0136 -0.3192 -0.9476
vn -0.7102 0.4570 -0.5355
vn -0.7803 0.1866 -0.5970
vn -0.8679 0.1184 -0.4825
vn -0.8041 0.5357 0.2580
vn -0.9485 0.0529 0.3122
vn -0.5904 -0.2817 0.7564
vn -0.0975 0.5354 0.8390
vn -0.0672 0.0631 0.9957
vn 0.5378 -0.2842 0.7937
vn 0.9927 0.0794 -0.0903
vn 0.9617 0.2563 -0.0972
vn 0.8350 0.0061 -0.5502
vn 0.7753 -0.3805 -0.5042
vn 0.1887 -0.7919 -0.5808
vn -0.0721 -0.6321 -0.7716
vn -0.4855 -0.6152 -0.6212
vn -0.5535 -0.7293 -0.4022
vn -0.7039 -0.6433 -0.3013
vn -0.7240 -0.6617 0.1947
vn -0.4911 -0.7947 0.3568
vn -0.4089 -0.6617 0.6284
vn 0.7162 -0.3818 -0.5842
vn 0.6071 -0.7947 0.0000
vn 0.3313 -0.9435 0.0000
vn -0.0385 -0.6617 0.7488
vn 0.1876 -0.7947 0.5773
vn 0.4725 -0.6610 0.5830
usemtl Material.009
s off
f 2523//1210 2536//1210 2535//1210
f 2524//1211 2536//1211 2538//1211
f 2523//1212 2535//1212 2540//1212
f 2523//1213 2540//1213 2542//1213
f 2523//1214 2542//1214 2539//1214
f 2524//1215 2538//1215 2545//1215
f 2525//1216 2537//1216 2547//1216
f 2526//1217 2541//1217 2549//1217
f 2527//1218 2543//1218 2551//1218
f 2528//1219 2544//1219 2553//1219
f 2524//1220 2545//1220 2548//1220
f 2525//1221 2547//1221 2550//1221
f 2526//1222 2549//1222 2552//1222
f 2527//1223 2551//1223 2554//1223
f 2528//1224 2553//1224 2546//1224
f 2529//1225 2555//1225 2560//1225
f 2530//1226 2556//1226 2562//1226
f 2531//1227 2557//1227 2563//1227
f 2532//1228 2558//1228 2564//1228
f 2533//1229 2559//1229 2561//1229
f 2561//1230 2564//1230 2534//1230
f 2561//1231 2559//1231 2564//1231
f 2559//1232 2532//1232 2564//1232
f 2564//1233 2563//1233 2534//1233
f 2564//1234 2558//1234 2563//1234
f 2558//1235 2531//1235 2563//1235
f 2563//1236 2562//1236 2534//1236
f 2563//1237 2557//1237 2562//1237
f 2557//1238 2530//1238 2562//1238
f 2562//1239 2560//1239 2534//1239
f 2562//1240 2556//1240 2560//1240
f 2556//1241 2529//1241 2560//1241
f 2560//1242 2561//1242 2534//1242
f 2560//1243 2555//1243 2561//1243
f 2555//1244 2533//1244 2561//1244
f 2546//1245 2559//1245 2533//1245
f 2546//1246 2553//1246 2559//1246
f 2553//1247 2532//1247 2559//1247
f 2554//1248 2558//1248 2532//1248
f 2554//1249 2551//1249 2558//1249
f 2551//1250 2531//1250 2558//1250
f 2552//1251 2557//1251 2531//1251
f 2552//1252 2549//1252 2557//1252
f 2549//1253 2530//1253 2557//1253
f 2550//1254 2556//1254 2530//1254
f 2550//1255 2547//1255 2556//1255
f 2547//1256 2529//1256 2556//1256
f 2548//1257 2555//1257 2529//1257
f 2548//1258 2545//1258 2555//1258
f 2545//1259 2533//1259 2555//1259
f 2553//1260 2554//1260 2532//1260
f 2553//1261 2544//1261 2554//1261
f 2544//1262 2527//1262 2554//1262
f 2551//1263 2552//1263 2531//1263
f 2551//1264 2543//1264 2552//1264
f 2543//1265 2526//1265 2552//1265
f 2549//1266 2550//1266 2530//1266
f 2549//1267 2541//1267 2550//1267
f 2541//1268 2525//1268 2550//1268
f 2547//1269 2548//1269 2529//1269
f 2547//1270 2537//1270 2548//1270
f 2537//1271 2524//1271 2548//1271
f 2545//1272 2546//1272 2533//1272
f 2545//1273 2538//1273 2546//1273
f 2538//1274 2528//1274 2546//1274
f 2539//1275 2544//1275 2528//1275
f 2539//1276 2542//1276 2544//1276
f 2542//1277 2527//1277 2544//1277
f 2542//1278 2543//1278 2527//1278
f 2542//1279 2540//1279 2543//1279
f 2540//1280 2526//1280 2543//1280
f 2540//1281 2541//1281 2526//1281
f 2540//1282 2535//1282 2541//1282
f 2535//1283 2525//1283 2541//1283
f 2538//1284 2539//1284 2528//1284
f 2538//1285 2536//1285 2539//1285
f 2536//1286 2523//1286 2539//1286
f 2535//1287 2537//1287 2525//1287
f 2535//1288 2536//1288 2537//1288
f 2536//1289 2524//1289 2537//1289
o Icosphere.007
v 0.306463 11.129654 7.530460
v 2.939043 13.143251 9.443396
v -0.699852 13.142299 10.627631
v -2.950098 13.142314 7.530460
v -0.658383 13.175174 4.514651
v 2.383750 13.304239 5.987630
v 1.165278 15.893013 9.580276
v -1.507741 15.861863 8.899889
v -1.318581 15.764152 6.350379
v 1.122238 16.086630 5.120515
v 2.812437 16.032110 7.588892
v 0.285235 16.992344 7.472461
v -0.285029 11.673413 9.350918
v 1.855041 11.673414 8.655556
v 1.263555 12.856419 10.476030
v 3.403629 12.856425 7.530460
v 1.855041 11.673414 6.405365
v -1.607693 11.673424 7.530460
v -2.199200 12.856424 9.350924
v -0.285029 11.673413 5.710003
v -2.030214 12.934690 5.824918
v 1.259112 12.860604 4.593185
v 2.998815 14.745118 8.506588
v 2.842094 14.647496 6.698100
v 0.300568 14.607285 10.300179
v 2.352361 14.781384 10.427594
v -2.368979 14.755074 8.513734
v -1.737278 14.781222 10.428292
v -1.168859 14.713077 5.254882
v -2.267930 14.674260 6.679321
v 1.711940 14.693240 5.288597
v 0.305963 14.769386 3.963747
v 2.091552 16.160284 8.920701
v -0.422243 16.124987 9.434009
v -1.993442 16.262888 7.601008
v -0.253457 15.993218 5.559261
v 1.820886 15.924768 6.401080
v 0.704394 16.870840 8.419457
v 1.702708 17.075874 7.498361
v -0.945233 17.201708 8.299902
v -0.736919 16.896713 6.793978
v 0.710052 16.982634 6.240909
vn 0.1024 -0.9435 0.3151
vn 0.7005 -0.6609 0.2692
vn -0.2680 -0.9435 0.1947
vn -0.2680 -0.9435 -0.1947
vn 0.1024 -0.9435 -0.3151
vn 0.9706 0.0934 0.2217
vn 0.0982 0.1528 0.9834
vn -0.9155 0.0909 0.3919
vn -0.6965 0.1101 -0.7090
vn 0.7693 0.0516 -0.6368
vn 0.9382 0.1480 0.3129
vn 0.0761 0.1677 0.9829
vn -0.9248 0.3744 -0.0674
vn -0.6552 0.1398 -0.7424
vn 0.7796 0.0635 -0.6230
vn 0.1909 0.7868 0.5870
vn -0.4754 0.5180 0.7111
vn -0.6304 0.5416 -0.5561
vn -0.2583 0.7059 -0.6595
vn 0.5955 0.5855 -0.5501
vn -0.0583 0.9979 -0.0280
vn 0.6223 0.5726 -0.5337
vn 0.6820 0.6727 -0.2871
vn -0.0716 0.9969 -0.0326
vn -0.2857 0.7166 -0.6363
vn -0.5744 0.5370 -0.6178
vn 0.0367 0.9804 -0.1935
vn -0.5550 0.7970 -0.2382
vn -0.7441 0.5071 0.4348
vn 0.1937 0.9802 0.0400
vn 0.1015 0.7444 0.6600
vn 0.0551 0.7743 0.6304
vn -0.0609 0.9863 0.1535
vn 0.2614 0.8426 0.4709
vn 0.6453 0.7104 0.2809
vn 0.6835 0.4053 -0.6072
vn 0.7084 0.4376 -0.5538
vn 0.8508 0.3088 -0.4252
vn -0.2542 0.7223 -0.6432
vn -0.5623 0.5491 -0.6183
vn -0.5703 0.5524 -0.6079
vn -0.7025 0.4441 -0.5562
vn -0.9767 0.2052 -0.0628
vn -0.7787 0.4553 0.4317
vn -0.4226 0.7687 0.4801
vn 0.0981 0.5281 0.8435
vn -0.0082 0.4927 0.8702
vn 0.2381 0.7367 0.6329
vn 0.8439 0.4605 0.2753
vn 0.8192 0.4069 0.4042
vn 0.6775 0.2014 -0.7074
vn 0.6850 0.1043 -0.7210
vn -0.0136 -0.3192 -0.9476
vn -0.7102 0.4570 -0.5355
vn -0.7803 0.1866 -0.5970
vn -0.8679 0.1184 -0.4825
vn -0.8041 0.5357 0.2580
vn -0.9485 0.0529 0.3122
vn -0.5904 -0.2817 0.7564
vn -0.0975 0.5354 0.8390
vn -0.0672 0.0631 0.9957
vn 0.5378 -0.2842 0.7937
vn 0.9927 0.0794 -0.0903
vn 0.9617 0.2563 -0.0972
vn 0.8350 0.0061 -0.5502
vn 0.7753 -0.3805 -0.5042
vn 0.1887 -0.7919 -0.5808
vn -0.0721 -0.6321 -0.7716
vn -0.4855 -0.6152 -0.6212
vn -0.5535 -0.7293 -0.4022
vn -0.7039 -0.6433 -0.3013
vn -0.7240 -0.6617 0.1947
vn -0.4911 -0.7947 0.3568
vn -0.4089 -0.6617 0.6284
vn 0.7162 -0.3818 -0.5842
vn 0.6071 -0.7947 0.0000
vn 0.3313 -0.9435 0.0000
vn -0.0385 -0.6617 0.7488
vn 0.1876 -0.7947 0.5773
vn 0.4725 -0.6610 0.5830
usemtl Material.013
s off
f 2565//1290 2578//1290 2577//1290
f 2566//1291 2578//1291 2580//1291
f 2565//1292 2577//1292 2582//1292
f 2565//1293 2582//1293 2584//1293
f 2565//1294 2584//1294 2581//1294
f 2566//1295 2580//1295 2587//1295
f 2567//1296 2579//1296 2589//1296
f 2568//1297 2583//1297 2591//1297
f 2569//1298 2585//1298 2593//1298
f 2570//1299 2586//1299 2595//1299
f 2566//1300 2587//1300 2590//1300
f 2567//1301 2589//1301 2592//1301
f 2568//1302 2591//1302 2594//1302
f 2569//1303 2593//1303 2596//1303
f 2570//1304 2595//1304 2588//1304
f 2571//1305 2597//1305 2602//1305
f 2572//1306 2598//1306 2604//1306
f 2573//1307 2599//1307 2605//1307
f 2574//1308 2600//1308 2606//1308
f 2575//1309 2601//1309 2603//1309
f 2603//1310 2606//1310 2576//1310
f 2603//1311 2601//1311 2606//1311
f 2601//1312 2574//1312 2606//1312
f 2606//1313 2605//1313 2576//1313
f 2606//1314 2600//1314 2605//1314
f 2600//1315 2573//1315 2605//1315
f 2605//1316 2604//1316 2576//1316
f 2605//1317 2599//1317 2604//1317
f 2599//1318 2572//1318 2604//1318
f 2604//1319 2602//1319 2576//1319
f 2604//1320 2598//1320 2602//1320
f 2598//1321 2571//1321 2602//1321
f 2602//1322 2603//1322 2576//1322
f 2602//1323 2597//1323 2603//1323
f 2597//1324 2575//1324 2603//1324
f 2588//1325 2601//1325 2575//1325
f 2588//1326 2595//1326 2601//1326
f 2595//1327 2574//1327 2601//1327
f 2596//1328 2600//1328 2574//1328
f 2596//1329 2593//1329 2600//1329
f 2593//1330 2573//1330 2600//1330
f 2594//1331 2599//1331 2573//1331
f 2594//1332 2591//1332 2599//1332
f 2591//1333 2572//1333 2599//1333
f 2592//1334 2598//1334 2572//1334
f 2592//1335 2589//1335 2598//1335
f 2589//1336 2571//1336 2598//1336
f 2590//1337 2597//1337 2571//1337
f 2590//1338 2587//1338 2597//1338
f 2587//1339 2575//1339 2597//1339
f 2595//1340 2596//1340 2574//1340
f 2595//1341 2586//1341 2596//1341
f 2586//1342 2569//1342 2596//1342
f 2593//1343 2594//1343 2573//1343
f 2593//1344 2585//1344 2594//1344
f 2585//1345 2568//1345 2594//1345
f 2591//1346 2592//1346 2572//1346
f 2591//1347 2583//1347 2592//1347
f 2583//1348 2567//1348 2592//1348
f 2589//1349 2590//1349 2571//1349
f 2589//1350 2579//1350 2590//1350
f 2579//1351 2566//1351 2590//1351
f 2587//1352 2588//1352 2575//1352
f 2587//1353 2580//1353 2588//1353
f 2580//1354 2570//1354 2588//1354
f 2581//1355 2586//1355 2570//1355
f 2581//1356 2584//1356 2586//1356
f 2584//1357 2569//1357 2586//1357
f 2584//1358 2585//1358 2569//1358
f 2584//1359 2582//1359 2585//1359
f 2582//1360 2568//1360 2585//1360
f 2582//1361 2583//1361 2568//1361
f 2582//1362 2577//1362 2583//1362
f 2577//1363 2567//1363 2583//1363
f 2580//1364 2581//1364 2570//1364
f 2580//1365 2578//1365 2581//1365
f 2578//1366 2565//1366 2581//1366
f 2577//1367 2579//1367 2567//1367
f 2577//1368 2578//1368 2579//1368
f 2578//1369 2566//1369 2579//1369
o Icosphere.008
v 7.653966 11.870358 3.516917
v 9.798171 13.510408 5.074980
v 6.834334 13.509632 6.039526
v 5.001536 13.509645 3.516917
v 6.868110 13.536409 1.060576
v 9.345891 13.641531 2.260300
v 8.353460 15.750056 5.186467
v 6.176318 15.724686 4.632300
v 6.330387 15.645101 2.555755
v 8.318405 15.907755 1.554045
v 9.695052 15.863349 3.564508
v 7.636676 16.645449 3.469677
v 7.172203 12.313243 4.999658
v 8.915264 12.313244 4.433293
v 8.433506 13.276787 5.916049
v 10.176571 13.276792 3.516917
v 8.915264 12.313244 2.600540
v 6.094909 12.313251 3.516917
v 5.613133 13.276791 4.999662
v 7.172203 12.313243 2.034176
v 5.750771 13.340538 2.127773
v 8.429887 13.280195 1.124541
v 9.846855 14.815110 4.311962
v 9.719208 14.735598 2.838969
v 7.649164 14.702847 5.772819
v 9.320325 14.844648 5.876598
v 5.474850 14.823218 4.317781
v 5.989364 14.844516 5.877166
v 6.452333 14.789012 1.663485
v 5.557154 14.757397 2.823674
v 8.798710 14.772856 1.690946
v 7.653559 14.834876 0.611871
v 9.107900 15.967745 4.649251
v 7.060443 15.938995 5.067334
v 5.780721 16.051315 3.574377
v 7.197918 15.831672 1.911399
v 8.887445 15.775921 2.597050
v 7.978076 16.546484 4.240994
v 8.791191 16.713482 3.490772
v 6.634474 16.815973 4.143618
v 6.804144 16.567558 2.917061
v 7.982684 16.637539 2.466593
vn 0.1024 -0.9435 0.3151
vn 0.7005 -0.6609 0.2692
vn -0.2680 -0.9435 0.1947
vn -0.2680 -0.9435 -0.1947
vn 0.1024 -0.9435 -0.3151
vn 0.9706 0.0934 0.2217
vn 0.0982 0.1528 0.9834
vn -0.9155 0.0909 0.3919
vn -0.6965 0.1101 -0.7090
vn 0.7693 0.0516 -0.6368
vn 0.9382 0.1480 0.3129
vn 0.0761 0.1677 0.9829
vn -0.9248 0.3744 -0.0674
vn -0.6552 0.1398 -0.7424
vn 0.7796 0.0635 -0.6230
vn 0.1909 0.7868 0.5870
vn -0.4754 0.5180 0.7111
vn -0.6304 0.5416 -0.5561
vn -0.2583 0.7059 -0.6595
vn 0.5955 0.5855 -0.5500
vn -0.0583 0.9979 -0.0280
vn 0.6223 0.5726 -0.5337
vn 0.6820 0.6727 -0.2871
vn -0.0716 0.9969 -0.0326
vn -0.2857 0.7166 -0.6363
vn -0.5744 0.5370 -0.6178
vn 0.0367 0.9804 -0.1935
vn -0.5550 0.7970 -0.2382
vn -0.7441 0.5071 0.4348
vn 0.1937 0.9802 0.0400
vn 0.1015 0.7444 0.6600
vn 0.0551 0.7743 0.6304
vn -0.0609 0.9863 0.1535
vn 0.2614 0.8426 0.4709
vn 0.6453 0.7104 0.2809
vn 0.6835 0.4053 -0.6072
vn 0.7084 0.4376 -0.5538
vn 0.8508 0.3088 -0.4252
vn -0.2542 0.7223 -0.6432
vn -0.5623 0.5491 -0.6183
vn -0.5703 0.5524 -0.6079
vn -0.7025 0.4441 -0.5562
vn -0.9767 0.2052 -0.0628
vn -0.7787 0.4553 0.4317
vn -0.4226 0.7687 0.4801
vn 0.0981 0.5281 0.8435
vn -0.0082 0.4927 0.8702
vn 0.2381 0.7367 0.6329
vn 0.8439 0.4605 0.2753
vn 0.8192 0.4069 0.4042
vn 0.6775 0.2014 -0.7074
vn 0.6850 0.1043 -0.7210
vn -0.0136 -0.3192 -0.9476
vn -0.7102 0.4570 -0.5355
vn -0.7803 0.1866 -0.5970
vn -0.8679 0.1184 -0.4825
vn -0.8041 0.5357 0.2580
vn -0.9485 0.0529 0.3122
vn -0.5904 -0.2817 0.7564
vn -0.0975 0.5354 0.8390
vn -0.0672 0.0631 0.9957
vn 0.5378 -0.2842 0.7937
vn 0.9927 0.0794 -0.0903
vn 0.9617 0.2563 -0.0972
vn 0.8350 0.0061 -0.5502
vn 0.7753 -0.3805 -0.5042
vn 0.1887 -0.7919 -0.5808
vn -0.0721 -0.6321 -0.7716
vn -0.4855 -0.6152 -0.6212
vn -0.5535 -0.7293 -0.4022
vn -0.7039 -0.6433 -0.3013
vn -0.7240 -0.6617 0.1947
vn -0.4911 -0.7947 0.3568
vn -0.4089 -0.6617 0.6284
vn 0.7162 -0.3818 -0.5842
vn 0.6071 -0.7947 0.0000
vn 0.3313 -0.9435 0.0000
vn -0.0385 -0.6617 0.7488
vn 0.1876 -0.7947 0.5773
vn 0.4725 -0.6610 0.5830
usemtl Material.010
s off
f 2607//1370 2620//1370 2619//1370
f 2608//1371 2620//1371 2622//1371
f 2607//1372 2619//1372 2624//1372
f 2607//1373 2624//1373 2626//1373
f 2607//1374 2626//1374 2623//1374
f 2608//1375 2622//1375 2629//1375
f 2609//1376 2621//1376 2631//1376
f 2610//1377 2625//1377 2633//1377
f 2611//1378 2627//1378 2635//1378
f 2612//1379 2628//1379 2637//1379
f 2608//1380 2629//1380 2632//1380
f 2609//1381 2631//1381 2634//1381
f 2610//1382 2633//1382 2636//1382
f 2611//1383 2635//1383 2638//1383
f 2612//1384 2637//1384 2630//1384
f 2613//1385 2639//1385 2644//1385
f 2614//1386 2640//1386 2646//1386
f 2615//1387 2641//1387 2647//1387
f 2616//1388 2642//1388 2648//1388
f 2617//1389 2643//1389 2645//1389
f 2645//1390 2648//1390 2618//1390
f 2645//1391 2643//1391 2648//1391
f 2643//1392 2616//1392 2648//1392
f 2648//1393 2647//1393 2618//1393
f 2648//1394 2642//1394 2647//1394
f 2642//1395 2615//1395 2647//1395
f 2647//1396 2646//1396 2618//1396
f 2647//1397 2641//1397 2646//1397
f 2641//1398 2614//1398 2646//1398
f 2646//1399 2644//1399 2618//1399
f 2646//1400 2640//1400 2644//1400
f 2640//1401 2613//1401 2644//1401
f 2644//1402 2645//1402 2618//1402
f 2644//1403 2639//1403 2645//1403
f 2639//1404 2617//1404 2645//1404
f 2630//1405 2643//1405 2617//1405
f 2630//1406 2637//1406 2643//1406
f 2637//1407 2616//1407 2643//1407
f 2638//1408 2642//1408 2616//1408
f 2638//1409 2635//1409 2642//1409
f 2635//1410 2615//1410 2642//1410
f 2636//1411 2641//1411 2615//1411
f 2636//1412 2633//1412 2641//1412
f 2633//1413 2614//1413 2641//1413
f 2634//1414 2640//1414 2614//1414
f 2634//1415 2631//1415 2640//1415
f 2631//1416 2613//1416 2640//1416
f 2632//1417 2639//1417 2613//1417
f 2632//1418 2629//1418 2639//1418
f 2629//1419 2617//1419 2639//1419
f 2637//1420 2638//1420 2616//1420
f 2637//1421 2628//1421 2638//1421
f 2628//1422 2611//1422 2638//1422
f 2635//1423 2636//1423 2615//1423
f 2635//1424 2627//1424 2636//1424
f 2627//1425 2610//1425 2636//1425
f 2633//1426 2634//1426 2614//1426
f 2633//1427 2625//1427 2634//1427
f 2625//1428 2609//1428 2634//1428
f 2631//1429 2632//1429 2613//1429
f 2631//1430 2621//1430 2632//1430
f 2621//1431 2608//1431 2632//1431
f 2629//1432 2630//1432 2617//1432
f 2629//1433 2622//1433 2630//1433
f 2622//1434 2612//1434 2630//1434
f 2623//1435 2628//1435 2612//1435
f 2623//1436 2626//1436 2628//1436
f 2626//1437 2611//1437 2628//1437
f 2626//1438 2627//1438 2611//1438
f 2626//1439 2624//1439 2627//1439
f 2624//1440 2610//1440 2627//1440
f 2624//1441 2625//1441 2610//1441
f 2624//1442 2619//1442 2625//1442
f 2619//1443 2609//1443 2625//1443
f 2622//1444 2623//1444 2612//1444
f 2622//1445 2620//1445 2623//1445
f 2620//1446 2607//1446 2623//1446
f 2619//1447 2621//1447 2609//1447
f 2619//1448 2620//1448 2621//1448
f 2620//1449 2608//1449 2621//1449
o Icosphere.009
v 4.378496 10.219854 -5.061291
v 7.643781 12.717393 -2.688607
v 3.130327 12.716210 -1.219757
v 0.339265 12.716229 -5.061291
v 3.181762 12.756988 -8.801908
v 6.955030 12.917072 -6.974919
v 5.443715 16.128023 -2.518830
v 2.128272 16.089386 -3.362738
v 2.362894 15.968190 -6.524988
v 5.390331 16.368172 -8.050434
v 7.486747 16.300549 -4.988816
v 4.352166 17.491562 -5.133229
v 3.644846 10.894299 -2.803311
v 6.299254 10.894300 -3.665795
v 5.565612 12.361624 -1.407792
v 8.220023 12.361631 -5.061291
v 6.299254 10.894300 -6.456787
v 2.004299 10.894311 -5.061291
v 1.270631 12.361630 -2.803303
v 3.644846 10.894299 -7.319270
v 1.480230 12.458707 -7.176737
v 5.560101 12.366815 -8.704500
v 7.717918 14.704247 -3.850564
v 7.523532 14.583162 -6.093698
v 4.371183 14.533287 -1.625908
v 6.916097 14.749228 -1.467870
v 1.060047 14.716595 -3.841701
v 1.843570 14.749027 -1.467005
v 2.548600 14.664504 -7.883774
v 1.185383 14.616359 -6.116990
v 6.121759 14.639899 -7.841955
v 4.377876 14.734346 -9.485216
v 6.592607 16.459528 -3.336924
v 3.474655 16.415747 -2.700250
v 1.525840 16.586790 -4.973788
v 3.684007 16.252310 -7.506241
v 6.256889 16.167410 -6.462103
v 4.872064 17.340857 -3.958635
v 6.110310 17.595167 -5.101104
v 2.825971 17.751244 -4.106924
v 3.084351 17.372948 -5.974776
v 4.879081 17.479517 -6.660768
vn 0.1024 -0.9435 0.3151
vn 0.7005 -0.6609 0.2692
vn -0.2680 -0.9435 0.1947
vn -0.2680 -0.9435 -0.1947
vn 0.1024 -0.9435 -0.3151
vn 0.9706 0.0934 0.2217
vn 0.0982 0.1528 0.9834
vn -0.9155 0.0909 0.3919
vn -0.6965 0.1101 -0.7090
vn 0.7693 0.0516 -0.6368
vn 0.9382 0.1480 0.3129
vn 0.0761 0.1677 0.9829
vn -0.9248 0.3744 -0.0674
vn -0.6552 0.1398 -0.7424
vn 0.7796 0.0635 -0.6230
vn 0.1909 0.7868 0.5870
vn -0.4754 0.5180 0.7111
vn -0.6304 0.5416 -0.5561
vn -0.2583 0.7059 -0.6595
vn 0.5955 0.5855 -0.5500
vn -0.0583 0.9979 -0.0280
vn 0.6223 0.5726 -0.5337
vn 0.6820 0.6727 -0.2871
vn -0.0716 0.9969 -0.0326
vn -0.2857 0.7166 -0.6363
vn -0.5744 0.5370 -0.6178
vn 0.0367 0.9804 -0.1935
vn -0.5550 0.7970 -0.2382
vn -0.7441 0.5071 0.4348
vn 0.1937 0.9802 0.0400
vn 0.1015 0.7444 0.6600
vn 0.0551 0.7743 0.6304
vn -0.0609 0.9863 0.1535
vn 0.2614 0.8426 0.4709
vn 0.6453 0.7104 0.2809
vn 0.6835 0.4053 -0.6072
vn 0.7084 0.4376 -0.5538
vn 0.8508 0.3088 -0.4252
vn -0.2542 0.7223 -0.6432
vn -0.5623 0.5491 -0.6183
vn -0.5703 0.5524 -0.6079
vn -0.7025 0.4441 -0.5562
vn -0.9767 0.2052 -0.0628
vn -0.7787 0.4553 0.4317
vn -0.4226 0.7687 0.4801
vn 0.0981 0.5281 0.8435
vn -0.0082 0.4927 0.8702
vn 0.2381 0.7367 0.6329
vn 0.8439 0.4605 0.2753
vn 0.8192 0.4069 0.4042
vn 0.6775 0.2014 -0.7074
vn 0.6850 0.1043 -0.7210
vn -0.0136 -0.3192 -0.9476
vn -0.7102 0.4570 -0.5355
vn -0.7803 0.1866 -0.5970
vn -0.8679 0.1184 -0.4825
vn -0.8041 0.5357 0.2580
vn -0.9485 0.0529 0.3122
vn -0.5904 -0.2817 0.7564
vn -0.0975 0.5354 0.8390
vn -0.0672 0.0631 0.9957
vn 0.5378 -0.2842 0.7937
vn 0.9927 0.0794 -0.0903
vn 0.9617 0.2563 -0.0972
vn 0.8350 0.0061 -0.5502
vn 0.7753 -0.3805 -0.5042
vn 0.1887 -0.7919 -0.5808
vn -0.0721 -0.6321 -0.7716
vn -0.4855 -0.6152 -0.6212
vn -0.5535 -0.7293 -0.4022
vn -0.7039 -0.6433 -0.3013
vn -0.7240 -0.6617 0.1947
vn -0.4911 -0.7947 0.3568
vn -0.4089 -0.6617 0.6284
vn 0.7162 -0.3818 -0.5842
vn 0.6071 -0.7947 0.0000
vn 0.3313 -0.9435 0.0000
vn -0.0385 -0.6617 0.7488
vn 0.1876 -0.7947 0.5773
vn 0.4725 -0.6610 0.5830
usemtl Material.007
s off
f 2649//1450 2662//1450 2661//1450
f 2650//1451 2662//1451 2664//1451
f 2649//1452 2661//1452 2666//1452
f 2649//1453 2666//1453 2668//1453
f 2649//1454 2668//1454 2665//1454
f 2650//1455 2664//1455 2671//1455
f 2651//1456 2663//1456 2673//1456
f 2652//1457 2667//1457 2675//1457
f 2653//1458 2669//1458 2677//1458
f 2654//1459 2670//1459 2679//1459
f 2650//1460 2671//1460 2674//1460
f 2651//1461 2673//1461 2676//1461
f 2652//1462 2675//1462 2678//1462
f 2653//1463 2677//1463 2680//1463
f 2654//1464 2679//1464 2672//1464
f 2655//1465 2681//1465 2686//1465
f 2656//1466 2682//1466 2688//1466
f 2657//1467 2683//1467 2689//1467
f 2658//1468 2684//1468 2690//1468
f 2659//1469 2685//1469 2687//1469
f 2687//1470 2690//1470 2660//1470
f 2687//1471 2685//1471 2690//1471
f 2685//1472 2658//1472 2690//1472
f 2690//1473 2689//1473 2660//1473
f 2690//1474 2684//1474 2689//1474
f 2684//1475 2657//1475 2689//1475
f 2689//1476 2688//1476 2660//1476
f 2689//1477 2683//1477 2688//1477
f 2683//1478 2656//1478 2688//1478
f 2688//1479 2686//1479 2660//1479
f 2688//1480 2682//1480 2686//1480
f 2682//1481 2655//1481 2686//1481
f 2686//1482 2687//1482 2660//1482
f 2686//1483 2681//1483 2687//1483
f 2681//1484 2659//1484 2687//1484
f 2672//1485 2685//1485 2659//1485
f 2672//1486 2679//1486 2685//1486
f 2679//1487 2658//1487 2685//1487
f 2680//1488 2684//1488 2658//1488
f 2680//1489 2677//1489 2684//1489
f 2677//1490 2657//1490 2684//1490
f 2678//1491 2683//1491 2657//1491
f 2678//1492 2675//1492 2683//1492
f 2675//1493 2656//1493 2683//1493
f 2676//1494 2682//1494 2656//1494
f 2676//1495 2673//1495 2682//1495
f 2673//1496 2655//1496 2682//1496
f 2674//1497 2681//1497 2655//1497
f 2674//1498 2671//1498 2681//1498
f 2671//1499 2659//1499 2681//1499
f 2679//1500 2680//1500 2658//1500
f 2679//1501 2670//1501 2680//1501
f 2670//1502 2653//1502 2680//1502
f 2677//1503 2678//1503 2657//1503
f 2677//1504 2669//1504 2678//1504
f 2669//1505 2652//1505 2678//1505
f 2675//1506 2676//1506 2656//1506
f 2675//1507 2667//1507 2676//1507
f 2667//1508 2651//1508 2676//1508
f 2673//1509 2674//1509 2655//1509
f 2673//1510 2663//1510 2674//1510
f 2663//1511 2650//1511 2674//1511
f 2671//1512 2672//1512 2659//1512
f 2671//1513 2664//1513 2672//1513
f 2664//1514 2654//1514 2672//1514
f 2665//1515 2670//1515 2654//1515
f 2665//1516 2668//1516 2670//1516
f 2668//1517 2653//1517 2670//1517
f 2668//1518 2669//1518 2653//1518
f 2668//1519 2666//1519 2669//1519
f 2666//1520 2652//1520 2669//1520
f 2666//1521 2667//1521 2652//1521
f 2666//1522 2661//1522 2667//1522
f 2661//1523 2651//1523 2667//1523
f 2664//1524 2665//1524 2654//1524
f 2664//1525 2662//1525 2665//1525
f 2662//1526 2649//1526 2665//1526
f 2661//1527 2663//1527 2651//1527
f 2661//1528 2662//1528 2663//1528
f 2662//1529 2650//1529 2663//1529
o Icosphere.010
v 4.378496 10.219854 -0.576135
v 8.403690 12.717393 -0.875332
v 5.908264 12.716210 3.162196
v 1.295836 12.716229 2.033960
v 1.048038 12.756988 -2.657586
v 5.108294 12.917072 -3.701498
v 6.834352 16.128023 0.675890
v 3.758751 16.089386 2.174230
v 1.894408 15.968190 -0.390745
v 3.219165 16.368172 -3.511222
v 6.797482 16.300549 -2.529333
v 4.311916 17.491562 -0.614023
v 5.277664 10.894299 1.621184
v 6.746130 10.894300 -0.752287
v 7.645319 12.361624 1.445044
v 7.310272 12.361631 -3.058476
v 4.942629 10.894300 -2.882317
v 2.566556 10.894311 0.958038
v 3.465716 12.361630 3.155375
v 2.359514 10.894299 -1.825305
v 0.799626 12.458707 -0.317782
v 2.926081 12.366815 -4.120096
v 7.709431 14.704247 -1.810020
v 6.111597 14.583162 -3.396326
v 6.592812 14.533287 2.050405
v 8.637161 14.749228 0.526529
v 2.634004 14.716595 2.498967
v 4.766469 14.749027 3.804986
v 1.158107 14.664504 -1.547744
v 1.259398 14.616359 0.681522
v 3.912093 14.639899 -3.824755
v 1.519344 14.734346 -3.951984
v 7.182522 16.459528 -0.690861
v 5.214374 16.415747 1.809813
v 2.257950 16.586790 1.333992
v 2.268583 16.252310 -1.993302
v 4.906863 16.167410 -2.858998
v 5.467698 17.340857 -0.053547
v 5.674454 17.595167 -1.725594
v 3.810338 17.751244 1.155439
v 2.800549 17.372948 -0.437030
v 3.726973 17.479517 -2.120295
vn 0.2817 -0.9435 0.1743
vn 0.7086 -0.6609 -0.2472
vn -0.0787 -0.9435 0.3218
vn -0.3304 -0.9435 0.0246
vn -0.1255 -0.9435 -0.3066
vn 0.8840 0.0934 -0.4580
vn 0.7104 0.1528 0.6871
vn -0.4454 0.0909 0.8907
vn -0.9897 0.1101 -0.0910
vn 0.1756 0.0516 -0.9831
vn 0.9182 0.1480 -0.3674
vn 0.6932 0.1677 0.7009
vn -0.7494 0.3744 0.5461
vn -0.9798 0.1398 -0.1431
vn 0.1924 0.0635 -0.9793
vn 0.5250 0.7868 0.3246
vn 0.0966 0.5180 0.8499
vn -0.8405 0.5416 -0.0171
vn -0.6233 0.7059 -0.3365
vn 0.0991 0.5855 -0.8046
vn -0.0626 0.9979 0.0163
vn 0.1300 0.5726 -0.8094
vn 0.3350 0.6727 -0.6598
vn -0.0757 0.9969 0.0214
vn -0.6292 0.7166 -0.3009
vn -0.8376 0.5370 -0.1004
vn -0.0970 0.9804 -0.1714
vn -0.5775 0.7970 0.1769
vn -0.2869 0.5071 0.8127
vn 0.1737 0.9802 -0.0946
vn 0.5039 0.7444 0.4381
vn 0.4494 0.7743 0.4455
vn 0.0527 0.9863 0.1565
vn 0.5038 0.8426 0.1904
vn 0.6740 0.7104 -0.2026
vn 0.1293 0.4053 -0.9050
vn 0.1828 0.4376 -0.8804
vn 0.3746 0.3088 -0.8743
vn -0.6096 0.7223 -0.3266
vn -0.8287 0.5491 -0.1086
vn -0.8281 0.5524 -0.0954
vn -0.8955 0.4441 0.0295
vn -0.7860 0.2052 0.5832
vn -0.3153 0.4553 0.8327
vn -0.0123 0.7687 0.6394
vn 0.6199 0.5281 0.5803
vn 0.5560 0.4927 0.6694
vn 0.5907 0.7367 0.3292
vn 0.8219 0.4605 -0.3352
vn 0.8864 0.4069 -0.2208
vn 0.0599 0.2014 -0.9777
vn 0.0569 0.1043 -0.9929
vn -0.6227 -0.3192 -0.7144
vn -0.8881 0.4570 0.0502
vn -0.9812 0.1866 0.0486
vn -0.9741 0.1184 0.1926
vn -0.4469 0.5357 0.7165
vn -0.5221 0.0529 0.8512
vn 0.0382 -0.2817 0.9587
vn 0.4677 0.5354 0.7033
vn 0.5922 0.0631 0.8033
vn 0.9233 -0.2842 0.2582
vn 0.6993 0.0794 -0.7104
vn 0.6711 0.2563 -0.6956
vn 0.2817 0.0061 -0.9595
vn 0.2658 -0.3805 -0.8858
vn -0.2313 -0.7919 -0.5652
vn -0.5536 -0.6321 -0.5423
vn -0.7719 -0.6152 -0.1604
vn -0.6823 -0.7293 0.0508
vn -0.7319 -0.6433 0.2249
vn -0.4267 -0.6617 0.6165
vn -0.1442 -0.7947 0.5897
vn 0.0940 -0.6617 0.7439
vn 0.1690 -0.3818 -0.9086
vn 0.4633 -0.7947 -0.3923
vn 0.2528 -0.9435 -0.2141
vn 0.4544 -0.6617 0.5964
vn 0.5162 -0.7947 0.3194
vn 0.7373 -0.6610 0.1396
usemtl Material.008
s off
f 2691//1530 2704//1530 2703//1530
f 2692//1531 2704//1531 2706//1531
f 2691//1532 2703//1532 2708//1532
f 2691//1533 2708//1533 2710//1533
f 2691//1534 2710//1534 2707//1534
f 2692//1535 2706//1535 2713//1535
f 2693//1536 2705//1536 2715//1536
f 2694//1537 2709//1537 2717//1537
f 2695//1538 2711//1538 2719//1538
f 2696//1539 2712//1539 2721//1539
f 2692//1540 2713//1540 2716//1540
f 2693//1541 2715//1541 2718//1541
f 2694//1542 2717//1542 2720//1542
f 2695//1543 2719//1543 2722//1543
f 2696//1544 2721//1544 2714//1544
f 2697//1545 2723//1545 2728//1545
f 2698//1546 2724//1546 2730//1546
f 2699//1547 2725//1547 2731//1547
f 2700//1548 2726//1548 2732//1548
f 2701//1549 2727//1549 2729//1549
f 2729//1550 2732//1550 2702//1550
f 2729//1551 2727//1551 2732//1551
f 2727//1552 2700//1552 2732//1552
f 2732//1553 2731//1553 2702//1553
f 2732//1554 2726//1554 2731//1554
f 2726//1555 2699//1555 2731//1555
f 2731//1556 2730//1556 2702//1556
f 2731//1557 2725//1557 2730//1557
f 2725//1558 2698//1558 2730//1558
f 2730//1559 2728//1559 2702//1559
f 2730//1560 2724//1560 2728//1560
f 2724//1561 2697//1561 2728//1561
f 2728//1562 2729//1562 2702//1562
f 2728//1563 2723//1563 2729//1563
f 2723//1564 2701//1564 2729//1564
f 2714//1565 2727//1565 2701//1565
f 2714//1566 2721//1566 2727//1566
f 2721//1567 2700//1567 2727//1567
f 2722//1568 2726//1568 2700//1568
f 2722//1569 2719//1569 2726//1569
f 2719//1570 2699//1570 2726//1570
f 2720//1571 2725//1571 2699//1571
f 2720//1572 2717//1572 2725//1572
f 2717//1573 2698//1573 2725//1573
f 2718//1574 2724//1574 2698//1574
f 2718//1575 2715//1575 2724//1575
f 2715//1576 2697//1576 2724//1576
f 2716//1577 2723//1577 2697//1577
f 2716//1578 2713//1578 2723//1578
f 2713//1579 2701//1579 2723//1579
f 2721//1580 2722//1580 2700//1580
f 2721//1581 2712//1581 2722//1581
f 2712//1582 2695//1582 2722//1582
f 2719//1583 2720//1583 2699//1583
f 2719//1584 2711//1584 2720//1584
f 2711//1585 2694//1585 2720//1585
f 2717//1586 2718//1586 2698//1586
f 2717//1587 2709//1587 2718//1587
f 2709//1588 2693//1588 2718//1588
f 2715//1589 2716//1589 2697//1589
f 2715//1590 2705//1590 2716//1590
f 2705//1591 2692//1591 2716//1591
f 2713//1592 2714//1592 2701//1592
f 2713//1593 2706//1593 2714//1593
f 2706//1594 2696//1594 2714//1594
f 2707//1595 2712//1595 2696//1595
f 2707//1596 2710//1596 2712//1596
f 2710//1597 2695//1597 2712//1597
f 2710//1598 2711//1598 2695//1598
f 2710//1599 2708//1599 2711//1599
f 2708//1600 2694//1600 2711//1600
f 2708//1601 2709//1601 2694//1601
f 2708//1602 2703//1602 2709//1602
f 2703//1603 2693//1603 2709//1603
f 2706//1604 2707//1604 2696//1604
f 2706//1605 2704//1605 2707//1605
f 2704//1606 2691//1606 2707//1606
f 2703//1607 2705//1607 2693//1607
f 2703//1608 2704//1608 2705//1608
f 2704//1609 2692//1609 2705//1609
o Icosphere.011
v 0.209130 10.646660 -9.716408
v 2.517625 12.412373 -8.038965
v -0.673302 12.411536 -7.000516
v -2.646529 12.411551 -9.716408
v -0.636938 12.440365 -12.360953
v 2.030691 12.553542 -11.069307
v 0.962220 14.823623 -7.918937
v -1.381735 14.796308 -8.515563
v -1.215862 14.710625 -10.751214
v 0.924479 14.993404 -11.829676
v 2.406605 14.945596 -9.665170
v 0.190516 15.787621 -9.767266
v -0.309546 11.123480 -8.120059
v 1.567070 11.123480 -8.729818
v 1.048399 12.160851 -7.133453
v 2.925018 12.160856 -9.716408
v 1.567070 11.123480 -10.702997
v -1.469382 11.123488 -9.716408
v -1.988071 12.160855 -8.120053
v -0.309546 11.123480 -11.312757
v -1.839889 12.229486 -11.211988
v 1.044503 12.164520 -12.292088
v 2.570039 13.817040 -8.860447
v 2.432611 13.731437 -10.446301
v 0.203961 13.696176 -7.287658
v 2.003166 13.848842 -7.175927
v -2.136950 13.825770 -8.854181
v -1.583014 13.848700 -7.175316
v -1.084571 13.788943 -11.711850
v -2.048340 13.754906 -10.462767
v 1.441585 13.771548 -11.682285
v 0.208692 13.838321 -12.844039
v 1.774465 15.057991 -8.497313
v -0.429868 15.027039 -8.047197
v -1.807643 15.147964 -9.654545
v -0.281860 14.911492 -11.444942
v 1.537119 14.851469 -10.706756
v 0.558074 15.681074 -8.936852
v 1.433490 15.860867 -9.744555
v -0.888475 15.971210 -9.041689
v -0.705805 15.703762 -10.362225
v 0.563035 15.779104 -10.847208
vn 0.1024 -0.9435 0.3151
vn 0.7005 -0.6609 0.2692
vn -0.2680 -0.9435 0.1947
vn -0.2680 -0.9435 -0.1947
vn 0.1024 -0.9435 -0.3151
vn 0.9706 0.0934 0.2217
vn 0.0982 0.1528 0.9834
vn -0.9155 0.0909 0.3919
vn -0.6965 0.1101 -0.7090
vn 0.7693 0.0516 -0.6368
vn 0.9382 0.1480 0.3129
vn 0.0761 0.1677 0.9829
vn -0.9248 0.3744 -0.0674
vn -0.6552 0.1398 -0.7424
vn 0.7796 0.0635 -0.6230
vn 0.1909 0.7868 0.5870
vn -0.4754 0.5180 0.7111
vn -0.6304 0.5416 -0.5561
vn -0.2583 0.7059 -0.6595
vn 0.5955 0.5855 -0.5500
vn -0.0583 0.9979 -0.0280
vn 0.6223 0.5726 -0.5337
vn 0.6820 0.6727 -0.2871
vn -0.0716 0.9969 -0.0326
vn -0.2857 0.7166 -0.6363
vn -0.5744 0.5370 -0.6178
vn 0.0367 0.9804 -0.1935
vn -0.5550 0.7970 -0.2382
vn -0.7441 0.5071 0.4348
vn 0.1937 0.9802 0.0400
vn 0.1015 0.7444 0.6600
vn 0.0551 0.7743 0.6304
vn -0.0609 0.9863 0.1535
vn 0.2614 0.8426 0.4709
vn 0.6453 0.7104 0.2809
vn 0.6835 0.4053 -0.6072
vn 0.7084 0.4376 -0.5538
vn 0.8508 0.3088 -0.4252
vn -0.2542 0.7223 -0.6432
vn -0.5623 0.5491 -0.6183
vn -0.5703 0.5524 -0.6079
vn -0.7025 0.4441 -0.5562
vn -0.9767 0.2052 -0.0628
vn -0.7787 0.4553 0.4317
vn -0.4226 0.7687 0.4801
vn 0.0981 0.5281 0.8435
vn -0.0082 0.4927 0.8702
vn 0.2381 0.7367 0.6329
vn 0.8439 0.4605 0.2753
vn 0.8192 0.4069 0.4042
vn 0.6775 0.2014 -0.7074
vn 0.6850 0.1043 -0.7210
vn -0.0136 -0.3192 -0.9476
vn -0.7102 0.4570 -0.5355
vn -0.7803 0.1866 -0.5970
vn -0.8679 0.1184 -0.4825
vn -0.8041 0.5357 0.2580
vn -0.9485 0.0529 0.3122
vn -0.5904 -0.2817 0.7564
vn -0.0975 0.5354 0.8390
vn -0.0672 0.0631 0.9957
vn 0.5378 -0.2842 0.7937
vn 0.9927 0.0794 -0.0903
vn 0.9617 0.2563 -0.0972
vn 0.8350 0.0061 -0.5502
vn 0.7753 -0.3805 -0.5042
vn 0.1887 -0.7919 -0.5808
vn -0.0721 -0.6321 -0.7716
vn -0.4855 -0.6152 -0.6212
vn -0.5535 -0.7293 -0.4022
vn -0.7039 -0.6433 -0.3013
vn -0.7240 -0.6617 0.1947
vn -0.4911 -0.7947 0.3568
vn -0.4089 -0.6617 0.6284
vn 0.7162 -0.3818 -0.5842
vn 0.6071 -0.7947 0.0000
vn 0.3313 -0.9435 0.0000
vn -0.0385 -0.6617 0.7488
vn 0.1876 -0.7947 0.5773
vn 0.4725 -0.6610 0.5830
usemtl Material.002
s off
f 2733//1610 2746//1610 2745//1610
f 2734//1611 2746//1611 2748//1611
f 2733//1612 2745//1612 2750//1612
f 2733//1613 2750//1613 2752//1613
f 2733//1614 2752//1614 2749//1614
f 2734//1615 2748//1615 2755//1615
f 2735//1616 2747//1616 2757//1616
f 2736//1617 2751//1617 2759//1617
f 2737//1618 2753//1618 2761//1618
f 2738//1619 2754//1619 2763//1619
f 2734//1620 2755//1620 2758//1620
f 2735//1621 2757//1621 2760//1621
f 2736//1622 2759//1622 2762//1622
f 2737//1623 2761//1623 2764//1623
f 2738//1624 2763//1624 2756//1624
f 2739//1625 2765//1625 2770//1625
f 2740//1626 2766//1626 2772//1626
f 2741//1627 2767//1627 2773//1627
f 2742//1628 2768//1628 2774//1628
f 2743//1629 2769//1629 2771//1629
f 2771//1630 2774//1630 2744//1630
f 2771//1631 2769//1631 2774//1631
f 2769//1632 2742//1632 2774//1632
f 2774//1633 2773//1633 2744//1633
f 2774//1634 2768//1634 2773//1634
f 2768//1635 2741//1635 2773//1635
f 2773//1636 2772//1636 2744//1636
f 2773//1637 2767//1637 2772//1637
f 2767//1638 2740//1638 2772//1638
f 2772//1639 2770//1639 2744//1639
f 2772//1640 2766//1640 2770//1640
f 2766//1641 2739//1641 2770//1641
f 2770//1642 2771//1642 2744//1642
f 2770//1643 2765//1643 2771//1643
f 2765//1644 2743//1644 2771//1644
f 2756//1645 2769//1645 2743//1645
f 2756//1646 2763//1646 2769//1646
f 2763//1647 2742//1647 2769//1647
f 2764//1648 2768//1648 2742//1648
f 2764//1649 2761//1649 2768//1649
f 2761//1650 2741//1650 2768//1650
f 2762//1651 2767//1651 2741//1651
f 2762//1652 2759//1652 2767//1652
f 2759//1653 2740//1653 2767//1653
f 2760//1654 2766//1654 2740//1654
f 2760//1655 2757//1655 2766//1655
f 2757//1656 2739//1656 2766//1656
f 2758//1657 2765//1657 2739//1657
f 2758//1658 2755//1658 2765//1658
f 2755//1659 2743//1659 2765//1659
f 2763//1660 2764//1660 2742//1660
f 2763//1661 2754//1661 2764//1661
f 2754//1662 2737//1662 2764//1662
f 2761//1663 2762//1663 2741//1663
f 2761//1664 2753//1664 2762//1664
f 2753//1665 2736//1665 2762//1665
f 2759//1666 2760//1666 2740//1666
f 2759//1667 2751//1667 2760//1667
f 2751//1668 2735//1668 2760//1668
f 2757//1669 2758//1669 2739//1669
f 2757//1670 2747//1670 2758//1670
f 2747//1671 2734//1671 2758//1671
f 2755//1672 2756//1672 2743//1672
f 2755//1673 2748//1673 2756//1673
f 2748//1674 2738//1674 2756//1674
f 2749//1675 2754//1675 2738//1675
f 2749//1676 2752//1676 2754//1676
f 2752//1677 2737//1677 2754//1677
f 2752//1678 2753//1678 2737//1678
f 2752//1679 2750//1679 2753//1679
f 2750//1680 2736//1680 2753//1680
f 2750//1681 2751//1681 2736//1681
f 2750//1682 2745//1682 2751//1682
f 2745//1683 2735//1683 2751//1683
f 2748//1684 2749//1684 2738//1684
f 2748//1685 2746//1685 2749//1685
f 2746//1686 2733//1686 2749//1686
f 2745//1687 2747//1687 2735//1687
f 2745//1688 2746//1688 2747//1688
f 2746//1689 2734//1689 2747//1689
o Icosphere.012
v -7.492263 9.809088 -0.897883
v -4.578164 12.038013 1.219616
v -8.606190 12.036958 2.530489
v -11.097070 12.036975 -0.897883
v -8.560287 12.073349 -4.236192
v -5.192839 12.216217 -2.605698
v -6.541610 15.081825 1.371133
v -9.500472 15.047344 0.617988
v -9.291084 14.939183 -2.204158
v -6.589252 15.296146 -3.565540
v -4.718309 15.235796 -0.833203
v -7.515761 16.298714 -0.962084
v -8.147008 10.410995 1.117248
v -5.778085 10.410996 0.347526
v -6.432823 11.720508 2.362677
v -4.063897 11.720514 -0.897883
v -5.778085 10.410996 -2.143291
v -9.611113 10.411006 -0.897883
v -10.265873 11.720513 1.117255
v -8.147008 10.410995 -2.913014
v -10.078816 11.807149 -2.785810
v -6.437741 11.725140 -4.149261
v -4.512000 13.811178 0.182629
v -4.685480 13.703116 -1.819253
v -7.498789 13.658606 2.168020
v -5.227584 13.851322 2.309061
v -10.453809 13.822198 0.190538
v -9.754555 13.851142 2.309833
v -9.125351 13.775710 -3.416804
v -10.341953 13.732742 -1.840040
v -5.936490 13.753752 -3.379483
v -7.492816 13.838041 -4.846009
v -5.516283 15.377676 0.641026
v -8.298895 15.338604 1.209225
v -10.038112 15.491252 -0.819791
v -8.112059 15.192745 -3.079875
v -5.815894 15.116976 -2.148036
v -7.051779 16.164217 0.086181
v -5.946708 16.391176 -0.933414
v -8.877811 16.530468 -0.046160
v -8.647221 16.192858 -1.713122
v -7.045516 16.287964 -2.325334
vn 0.1024 -0.9435 0.3151
vn 0.7005 -0.6609 0.2692
vn -0.2680 -0.9435 0.1947
vn -0.2680 -0.9435 -0.1947
vn 0.1024 -0.9435 -0.3151
vn 0.9706 0.0934 0.2217
vn 0.0982 0.1528 0.9834
vn -0.9155 0.0909 0.3919
vn -0.6965 0.1101 -0.7090
vn 0.7693 0.0516 -0.6368
vn 0.9382 0.1480 0.3129
vn 0.0761 0.1677 0.9829
vn -0.9248 0.3744 -0.0674
vn -0.6552 0.1398 -0.7424
vn 0.7796 0.0635 -0.6230
vn 0.1909 0.7868 0.5870
vn -0.4754 0.5180 0.7111
vn -0.6304 0.5416 -0.5561
vn -0.2583 0.7059 -0.6595
vn 0.5955 0.5855 -0.5500
vn -0.0583 0.9979 -0.0280
vn 0.6223 0.5726 -0.5337
vn 0.6820 0.6727 -0.2871
vn -0.0716 0.9969 -0.0326
vn -0.2857 0.7166 -0.6363
vn -0.5744 0.5370 -0.6178
vn 0.0367 0.9804 -0.1935
vn -0.5550 0.7970 -0.2382
vn -0.7441 0.5071 0.4348
vn 0.1937 0.9802 0.0400
vn 0.1015 0.7444 0.6600
vn 0.0551 0.7743 0.6304
vn -0.0609 0.9863 0.1535
vn 0.2614 0.8426 0.4709
vn 0.6453 0.7104 0.2809
vn 0.6835 0.4053 -0.6072
vn 0.7084 0.4376 -0.5538
vn 0.8508 0.3088 -0.4252
vn -0.2542 0.7223 -0.6432
vn -0.5623 0.5491 -0.6183
vn -0.5703 0.5524 -0.6079
vn -0.7025 0.4441 -0.5562
vn -0.9767 0.2052 -0.0628
vn -0.7787 0.4553 0.4317
vn -0.4226 0.7687 0.4801
vn 0.0981 0.5281 0.8435
vn -0.0082 0.4927 0.8702
vn 0.2381 0.7367 0.6329
vn 0.8439 0.4605 0.2753
vn 0.8192 0.4069 0.4042
vn 0.6775 0.2014 -0.7074
vn 0.6850 0.1043 -0.7210
vn -0.0136 -0.3192 -0.9476
vn -0.7102 0.4570 -0.5355
vn -0.7803 0.1866 -0.5970
vn -0.8679 0.1184 -0.4825
vn -0.8041 0.5357 0.2580
vn -0.9485 0.0529 0.3122
vn -0.5904 -0.2817 0.7564
vn -0.0975 0.5354 0.8390
vn -0.0672 0.0631 0.9957
vn 0.5378 -0.2842 0.7937
vn 0.9927 0.0794 -0.0903
vn 0.9617 0.2563 -0.0972
vn 0.8350 0.0061 -0.5502
vn 0.7753 -0.3805 -0.5042
vn 0.1887 -0.7919 -0.5808
vn -0.0721 -0.6321 -0.7716
vn -0.4855 -0.6152 -0.6212
vn -0.5535 -0.7293 -0.4022
vn -0.7039 -0.6433 -0.3013
vn -0.7240 -0.6617 0.1947
vn -0.4911 -0.7947 0.3568
vn -0.4089 -0.6617 0.6284
vn 0.7162 -0.3818 -0.5842
vn 0.6071 -0.7947 0.0000
vn 0.3313 -0.9435 0.0000
vn -0.0385 -0.6617 0.7488
vn 0.1876 -0.7947 0.5773
vn 0.4725 -0.6610 0.5830
usemtl Material.003
s off
f 2775//1690 2788//1690 2787//1690
f 2776//1691 2788//1691 2790//1691
f 2775//1692 2787//1692 2792//1692
f 2775//1693 2792//1693 2794//1693
f 2775//1694 2794//1694 2791//1694
f 2776//1695 2790//1695 2797//1695
f 2777//1696 2789//1696 2799//1696
f 2778//1697 2793//1697 2801//1697
f 2779//1698 2795//1698 2803//1698
f 2780//1699 2796//1699 2805//1699
f 2776//1700 2797//1700 2800//1700
f 2777//1701 2799//1701 2802//1701
f 2778//1702 2801//1702 2804//1702
f 2779//1703 2803//1703 2806//1703
f 2780//1704 2805//1704 2798//1704
f 2781//1705 2807//1705 2812//1705
f 2782//1706 2808//1706 2814//1706
f 2783//1707 2809//1707 2815//1707
f 2784//1708 2810//1708 2816//1708
f 2785//1709 2811//1709 2813//1709
f 2813//1710 2816//1710 2786//1710
f 2813//1711 2811//1711 2816//1711
f 2811//1712 2784//1712 2816//1712
f 2816//1713 2815//1713 2786//1713
f 2816//1714 2810//1714 2815//1714
f 2810//1715 2783//1715 2815//1715
f 2815//1716 2814//1716 2786//1716
f 2815//1717 2809//1717 2814//1717
f 2809//1718 2782//1718 2814//1718
f 2814//1719 2812//1719 2786//1719
f 2814//1720 2808//1720 2812//1720
f 2808//1721 2781//1721 2812//1721
f 2812//1722 2813//1722 2786//1722
f 2812//1723 2807//1723 2813//1723
f 2807//1724 2785//1724 2813//1724
f 2798//1725 2811//1725 2785//1725
f 2798//1726 2805//1726 2811//1726
f 2805//1727 2784//1727 2811//1727
f 2806//1728 2810//1728 2784//1728
f 2806//1729 2803//1729 2810//1729
f 2803//1730 2783//1730 2810//1730
f 2804//1731 2809//1731 2783//1731
f 2804//1732 2801//1732 2809//1732
f 2801//1733 2782//1733 2809//1733
f 2802//1734 2808//1734 2782//1734
f 2802//1735 2799//1735 2808//1735
f 2799//1736 2781//1736 2808//1736
f 2800//1737 2807//1737 2781//1737
f 2800//1738 2797//1738 2807//1738
f 2797//1739 2785//1739 2807//1739
f 2805//1740 2806//1740 2784//1740
f 2805//1741 2796//1741 2806//1741
f 2796//1742 2779//1742 2806//1742
f 2803//1743 2804//1743 2783//1743
f 2803//1744 2795//1744 2804//1744
f 2795//1745 2778//1745 2804//1745
f 2801//1746 2802//1746 2782//1746
f 2801//1747 2793//1747 2802//1747
f 2793//1748 2777//1748 2802//1748
f 2799//1749 2800//1749 2781//1749
f 2799//1750 2789//1750 2800//1750
f 2789//1751 2776//1751 2800//1751
f 2797//1752 2798//1752 2785//1752
f 2797//1753 2790//1753 2798//1753
f 2790//1754 2780//1754 2798//1754
f 2791//1755 2796//1755 2780//1755
f 2791//1756 2794//1756 2796//1756
f 2794//1757 2779//1757 2796//1757
f 2794//1758 2795//1758 2779//1758
f 2794//1759 2792//1759 2795//1759
f 2792//1760 2778//1760 2795//1760
f 2792//1761 2793//1761 2778//1761
f 2792//1762 2787//1762 2793//1762
f 2787//1763 2777//1763 2793//1763
f 2790//1764 2791//1764 2780//1764
f 2790//1765 2788//1765 2791//1765
f 2788//1766 2775//1766 2791//1766
f 2787//1767 2789//1767 2777//1767
f 2787//1768 2788//1768 2789//1768
f 2788//1769 2776//1769 2789//1769
o Icosphere.013
v -5.421605 9.725760 -5.227071
v -1.437462 12.223299 -4.580295
v -4.804840 12.222116 -1.235216
v -9.027512 12.222136 -3.406955
v -8.175512 12.262894 -8.027140
v -3.983778 12.422978 -8.096419
v -3.325005 15.633928 -3.437361
v -6.665043 15.595292 -2.696765
v -7.880531 15.474096 -5.625495
v -5.865255 15.874078 -8.351485
v -2.614146 15.806455 -6.562980
v -5.477526 16.997469 -5.279428
v -5.059083 10.400205 -2.880736
v -3.078080 10.400206 -4.846795
v -2.715540 11.867530 -2.500442
v -1.992193 11.867537 -6.958100
v -4.335728 10.400206 -7.338372
v -7.541101 10.400217 -4.157236
v -7.178591 11.867537 -1.810885
v -7.094017 10.400205 -6.912228
v -8.962189 11.964613 -5.809589
v -6.008427 11.872721 -9.011884
v -1.894867 14.210153 -5.651005
v -3.079178 14.089068 -7.565907
v -3.880117 14.039193 -2.156938
v -1.537005 14.255135 -3.162616
v -7.834496 14.222501 -2.642993
v -6.064967 14.254933 -0.876114
v -8.327030 14.170410 -6.922193
v -8.747872 14.122265 -4.730669
v -5.118351 14.145805 -8.494961
v -7.415622 14.240252 -9.176123
v -2.668006 15.965433 -4.685392
v -5.164576 15.921653 -2.712041
v -7.928801 16.092697 -3.863522
v -7.143308 15.758216 -7.096786
v -4.375943 15.673315 -7.324028
v -4.484119 16.846762 -4.465114
v -3.893518 17.101074 -6.042986
v -6.377530 17.257151 -3.675506
v -6.988541 16.878855 -5.459405
v -5.695462 16.985424 -6.880527
vn 0.2334 -0.9435 0.2352
vn 0.7467 -0.6609 -0.0753
vn -0.1515 -0.9435 0.2946
vn -0.3270 -0.9435 -0.0531
vn -0.0506 -0.9435 -0.3274
vn 0.9664 0.0934 -0.2394
vn 0.5308 0.1528 0.8336
vn -0.6407 0.0909 0.7624
vn -0.9413 0.1101 -0.3191
vn 0.3998 0.0516 -0.9152
vn 0.9785 0.1480 -0.1434
vn 0.5108 0.1677 0.8432
vn -0.8560 0.3744 0.3565
vn -0.9195 0.1398 -0.3675
vn 0.4152 0.0635 -0.9075
vn 0.4349 0.7868 0.4379
vn -0.1040 0.5180 0.8490
vn -0.8134 0.5416 -0.2124
vn -0.5278 0.7059 -0.4724
vn 0.2838 0.5855 -0.7594
vn -0.0646 0.9979 0.0013
vn 0.3150 0.5726 -0.7569
vn 0.4795 0.6727 -0.5636
vn -0.0786 0.9969 0.0032
vn -0.5418 0.7166 -0.4392
vn -0.7912 0.5370 -0.2927
vn -0.0544 0.9804 -0.1893
vn -0.6028 0.7970 0.0375
vn -0.4684 0.5071 0.7235
vn 0.1910 0.9802 -0.0515
vn 0.3880 0.7444 0.5434
vn 0.3332 0.7743 0.5380
vn 0.0148 0.9863 0.1645
vn 0.4456 0.8426 0.3026
vn 0.7026 0.7104 -0.0400
vn 0.3366 0.4053 -0.8500
vn 0.3829 0.4376 -0.8136
vn 0.5680 0.3088 -0.7629
vn -0.5167 0.7223 -0.4596
vn -0.7806 0.5491 -0.2986
vn -0.7831 0.5524 -0.2857
vn -0.8777 0.4441 -0.1799
vn -0.9002 0.2052 0.3840
vn -0.5006 0.4553 0.7363
vn -0.1609 0.7687 0.6190
vn 0.4677 0.5281 0.7088
vn 0.3848 0.4927 0.7805
vn 0.4978 0.7367 0.4577
vn 0.8774 0.4605 -0.1345
vn 0.9134 0.4069 -0.0082
vn 0.2861 0.2014 -0.9368
vn 0.2867 0.1043 -0.9523
vn -0.4391 -0.3192 -0.8398
vn -0.8753 0.4570 -0.1580
vn -0.9656 0.1866 -0.1813
vn -0.9922 0.1184 -0.0397
vn -0.6016 0.5357 0.5926
vn -0.7061 0.0529 0.7062
vn -0.1862 -0.2817 0.9413
vn 0.2910 0.5354 0.7929
vn 0.3887 0.0631 0.9192
vn 0.8378 -0.2842 0.4662
vn 0.8455 0.0794 -0.5280
vn 0.8147 0.2563 -0.5201
vn 0.4975 0.0061 -0.8674
vn 0.4649 -0.3805 -0.7994
vn -0.0932 -0.7919 -0.6035
vn -0.4120 -0.6321 -0.6563
vn -0.7133 -0.6152 -0.3358
vn -0.6754 -0.7293 -0.1096
vn -0.7641 -0.6433 0.0482
vn -0.5586 -0.6617 0.5001
vn -0.2776 -0.7947 0.5398
vn -0.0819 -0.6617 0.7453
vn 0.3761 -0.3818 -0.8443
vn 0.5419 -0.7947 -0.2735
vn 0.2958 -0.9435 -0.1493
vn 0.3030 -0.6617 0.6858
vn 0.4276 -0.7947 0.4309
vn 0.6845 -0.6610 0.3076
usemtl Material.014
s off
f 2817//1770 2830//1770 2829//1770
f 2818//1771 2830//1771 2832//1771
f 2817//1772 2829//1772 2834//1772
f 2817//1773 2834//1773 2836//1773
f 2817//1774 2836//1774 2833//1774
f 2818//1775 2832//1775 2839//1775
f 2819//1776 2831//1776 2841//1776
f 2820//1777 2835//1777 2843//1777
f 2821//1778 2837//1778 2845//1778
f 2822//1779 2838//1779 2847//1779
f 2818//1780 2839//1780 2842//1780
f 2819//1781 2841//1781 2844//1781
f 2820//1782 2843//1782 2846//1782
f 2821//1783 2845//1783 2848//1783
f 2822//1784 2847//1784 2840//1784
f 2823//1785 2849//1785 2854//1785
f 2824//1786 2850//1786 2856//1786
f 2825//1787 2851//1787 2857//1787
f 2826//1788 2852//1788 2858//1788
f 2827//1789 2853//1789 2855//1789
f 2855//1790 2858//1790 2828//1790
f 2855//1791 2853//1791 2858//1791
f 2853//1792 2826//1792 2858//1792
f 2858//1793 2857//1793 2828//1793
f 2858//1794 2852//1794 2857//1794
f 2852//1795 2825//1795 2857//1795
f 2857//1796 2856//1796 2828//1796
f 2857//1797 2851//1797 2856//1797
f 2851//1798 2824//1798 2856//1798
f 2856//1799 2854//1799 2828//1799
f 2856//1800 2850//1800 2854//1800
f 2850//1801 2823//1801 2854//1801
f 2854//1802 2855//1802 2828//1802
f 2854//1803 2849//1803 2855//1803
f 2849//1804 2827//1804 2855//1804
f 2840//1805 2853//1805 2827//1805
f 2840//1806 2847//1806 2853//1806
f 2847//1807 2826//1807 2853//1807
f 2848//1808 2852//1808 2826//1808
f 2848//1809 2845//1809 2852//1809
f 2845//1810 2825//1810 2852//1810
f 2846//1811 2851//1811 2825//1811
f 2846//1812 2843//1812 2851//1812
f 2843//1813 2824//1813 2851//1813
f 2844//1814 2850//1814 2824//1814
f 2844//1815 2841//1815 2850//1815
f 2841//1816 2823//1816 2850//1816
f 2842//1817 2849//1817 2823//1817
f 2842//1818 2839//1818 2849//1818
f 2839//1819 2827//1819 2849//1819
f 2847//1820 2848//1820 2826//1820
f 2847//1821 2838//1821 2848//1821
f 2838//1822 2821//1822 2848//1822
f 2845//1823 2846//1823 2825//1823
f 2845//1824 2837//1824 2846//1824
f 2837//1825 2820//1825 2846//1825
f 2843//1826 2844//1826 2824//1826
f 2843//1827 2835//1827 2844//1827
f 2835//1828 2819//1828 2844//1828
f 2841//1829 2842//1829 2823//1829
f 2841//1830 2831//1830 2842//1830
f 2831//1831 2818//1831 2842//1831
f 2839//1832 2840//1832 2827//1832
f 2839//1833 2832//1833 2840//1833
f 2832//1834 2822//1834 2840//1834
f 2833//1835 2838//1835 2822//1835
f 2833//1836 2836//1836 2838//1836
f 2836//1837 2821//1837 2838//1837
f 2836//1838 2837//1838 2821//1838
f 2836//1839 2834//1839 2837//1839
f 2834//1840 2820//1840 2837//1840
f 2834//1841 2835//1841 2820//1841
f 2834//1842 2829//1842 2835//1842
f 2829//1843 2819//1843 2835//1843
f 2832//1844 2833//1844 2822//1844
f 2832//1845 2830//1845 2833//1845
f 2830//1846 2817//1846 2833//1846
f 2829//1847 2831//1847 2819//1847
f 2829//1848 2830//1848 2831//1848
f 2830//1849 2818//1849 2831//1849
o Icosphere.014
v 4.304229 10.459287 5.462591
v 6.648493 12.252358 7.166025
v 3.408124 12.251510 8.220565
v 1.404322 12.251523 5.462591
v 3.445051 12.280785 2.777069
v 6.154014 12.395715 4.088729
v 5.068987 14.700971 7.287914
v 2.688714 14.673232 6.682043
v 2.857157 14.586222 4.411751
v 5.030662 14.873383 3.316579
v 6.535752 14.824833 5.514623
v 4.285326 15.679904 5.410944
v 3.777516 10.943495 7.083675
v 5.683209 10.943495 6.464468
v 5.156502 11.996939 8.085567
v 7.062198 11.996944 5.462591
v 5.683209 10.943495 4.460715
v 2.599709 10.943503 5.462591
v 2.072982 11.996943 7.083680
v 3.777516 10.943495 3.841507
v 2.223461 12.066639 3.943837
v 5.152545 12.000666 2.847002
v 6.701719 13.678791 6.331815
v 6.562161 13.591861 4.721389
v 4.298979 13.556053 7.928974
v 6.126063 13.711085 8.042436
v 1.921797 13.687656 6.338178
v 2.484315 13.710940 8.043056
v 2.990482 13.650259 3.436230
v 2.011780 13.615693 4.704667
v 5.555779 13.632594 3.466253
v 4.303784 13.700401 2.286499
v 5.893817 14.938970 6.700575
v 3.655329 14.907537 7.157666
v 2.256206 15.030336 5.525413
v 3.805630 14.790200 3.707275
v 5.652794 14.729248 4.456899
v 4.658579 15.571707 6.254227
v 5.547560 15.754286 5.434008
v 3.189616 15.866339 6.147765
v 3.375117 15.594747 4.806767
v 4.663617 15.671256 4.314270
vn 0.1024 -0.9435 0.3151
vn 0.7005 -0.6609 0.2692
vn -0.2680 -0.9435 0.1947
vn -0.2680 -0.9435 -0.1947
vn 0.1024 -0.9435 -0.3151
vn 0.9706 0.0934 0.2217
vn 0.0982 0.1528 0.9834
vn -0.9155 0.0909 0.3919
vn -0.6965 0.1101 -0.7090
vn 0.7693 0.0516 -0.6368
vn 0.9382 0.1480 0.3129
vn 0.0761 0.1677 0.9829
vn -0.9248 0.3744 -0.0674
vn -0.6552 0.1398 -0.7424
vn 0.7796 0.0635 -0.6230
vn 0.1909 0.7868 0.5870
vn -0.4754 0.5180 0.7111
vn -0.6304 0.5416 -0.5561
vn -0.2583 0.7059 -0.6595
vn 0.5955 0.5855 -0.5500
vn -0.0583 0.9979 -0.0280
vn 0.6223 0.5726 -0.5337
vn 0.6820 0.6727 -0.2871
vn -0.0716 0.9969 -0.0326
vn -0.2857 0.7166 -0.6363
vn -0.5744 0.5370 -0.6178
vn 0.0367 0.9804 -0.1935
vn -0.5550 0.7970 -0.2382
vn -0.7441 0.5071 0.4348
vn 0.1937 0.9802 0.0400
vn 0.1015 0.7444 0.6600
vn 0.0551 0.7743 0.6304
vn -0.0609 0.9863 0.1535
vn 0.2614 0.8426 0.4709
vn 0.6453 0.7104 0.2809
vn 0.6835 0.4053 -0.6072
vn 0.7084 0.4376 -0.5538
vn 0.8508 0.3088 -0.4252
vn -0.2542 0.7223 -0.6432
vn -0.5623 0.5491 -0.6183
vn -0.5703 0.5524 -0.6079
vn -0.7025 0.4441 -0.5562
vn -0.9767 0.2052 -0.0628
vn -0.7787 0.4553 0.4317
vn -0.4226 0.7687 0.4801
vn 0.0981 0.5281 0.8435
vn -0.0082 0.4927 0.8702
vn 0.2381 0.7367 0.6329
vn 0.8439 0.4605 0.2753
vn 0.8192 0.4069 0.4042
vn 0.6775 0.2014 -0.7074
vn 0.6850 0.1043 -0.7210
vn -0.0136 -0.3192 -0.9476
vn -0.7102 0.4570 -0.5355
vn -0.7803 0.1866 -0.5970
vn -0.8679 0.1184 -0.4825
vn -0.8041 0.5357 0.2580
vn -0.9485 0.0529 0.3122
vn -0.5904 -0.2817 0.7564
vn -0.0975 0.5354 0.8390
vn -0.0672 0.0631 0.9957
vn 0.5378 -0.2842 0.7937
vn 0.9927 0.0794 -0.0903
vn 0.9617 0.2563 -0.0972
vn 0.8350 0.0061 -0.5502
vn 0.7753 -0.3805 -0.5042
vn 0.1887 -0.7919 -0.5808
vn -0.0721 -0.6321 -0.7716
vn -0.4855 -0.6152 -0.6212
vn -0.5535 -0.7293 -0.4022
vn -0.7039 -0.6433 -0.3013
vn -0.7240 -0.6617 0.1947
vn -0.4911 -0.7947 0.3568
vn -0.4089 -0.6617 0.6284
vn 0.7162 -0.3818 -0.5842
vn 0.6071 -0.7947 0.0000
vn 0.3313 -0.9435 0.0000
vn -0.0385 -0.6617 0.7488
vn 0.1876 -0.7947 0.5773
vn 0.4725 -0.6610 0.5830
usemtl Material.015
s off
f 2859//1850 2872//1850 2871//1850
f 2860//1851 2872//1851 2874//1851
f 2859//1852 2871//1852 2876//1852
f 2859//1853 2876//1853 2878//1853
f 2859//1854 2878//1854 2875//1854
f 2860//1855 2874//1855 2881//1855
f 2861//1856 2873//1856 2883//1856
f 2862//1857 2877//1857 2885//1857
f 2863//1858 2879//1858 2887//1858
f 2864//1859 2880//1859 2889//1859
f 2860//1860 2881//1860 2884//1860
f 2861//1861 2883//1861 2886//1861
f 2862//1862 2885//1862 2888//1862
f 2863//1863 2887//1863 2890//1863
f 2864//1864 2889//1864 2882//1864
f 2865//1865 2891//1865 2896//1865
f 2866//1866 2892//1866 2898//1866
f 2867//1867 2893//1867 2899//1867
f 2868//1868 2894//1868 2900//1868
f 2869//1869 2895//1869 2897//1869
f 2897//1870 2900//1870 2870//1870
f 2897//1871 2895//1871 2900//1871
f 2895//1872 2868//1872 2900//1872
f 2900//1873 2899//1873 2870//1873
f 2900//1874 2894//1874 2899//1874
f 2894//1875 2867//1875 2899//1875
f 2899//1876 2898//1876 2870//1876
f 2899//1877 2893//1877 2898//1877
f 2893//1878 2866//1878 2898//1878
f 2898//1879 2896//1879 2870//1879
f 2898//1880 2892//1880 2896//1880
f 2892//1881 2865//1881 2896//1881
f 2896//1882 2897//1882 2870//1882
f 2896//1883 2891//1883 2897//1883
f 2891//1884 2869//1884 2897//1884
f 2882//1885 2895//1885 2869//1885
f 2882//1886 2889//1886 2895//1886
f 2889//1887 2868//1887 2895//1887
f 2890//1888 2894//1888 2868//1888
f 2890//1889 2887//1889 2894//1889
f 2887//1890 2867//1890 2894//1890
f 2888//1891 2893//1891 2867//1891
f 2888//1892 2885//1892 2893//1892
f 2885//1893 2866//1893 2893//1893
f 2886//1894 2892//1894 2866//1894
f 2886//1895 2883//1895 2892//1895
f 2883//1896 2865//1896 2892//1896
f 2884//1897 2891//1897 2865//1897
f 2884//1898 2881//1898 2891//1898
f 2881//1899 2869//1899 2891//1899
f 2889//1900 2890//1900 2868//1900
f 2889//1901 2880//1901 2890//1901
f 2880//1902 2863//1902 2890//1902
f 2887//1903 2888//1903 2867//1903
f 2887//1904 2879//1904 2888//1904
f 2879//1905 2862//1905 2888//1905
f 2885//1906 2886//1906 2866//1906
f 2885//1907 2877//1907 2886//1907
f 2877//1908 2861//1908 2886//1908
f 2883//1909 2884//1909 2865//1909
f 2883//1910 2873//1910 2884//1910
f 2873//1911 2860//1911 2884//1911
f 2881//1912 2882//1912 2869//1912
f 2881//1913 2874//1913 2882//1913
f 2874//1914 2864//1914 2882//1914
f 2875//1915 2880//1915 2864//1915
f 2875//1916 2878//1916 2880//1916
f 2878//1917 2863//1917 2880//1917
f 2878//1918 2879//1918 2863//1918
f 2878//1919 2876//1919 2879//1919
f 2876//1920 2862//1920 2879//1920
f 2876//1921 2877//1921 2862//1921
f 2876//1922 2871//1922 2877//1922
f 2871//1923 2861//1923 2877//1923
f 2874//1924 2875//1924 2864//1924
f 2874//1925 2872//1925 2875//1925
f 2872//1926 2859//1926 2875//1926
f 2871//1927 2873//1927 2861//1927
f 2871//1928 2872//1928 2873//1928
f 2872//1929 2860//1929 2873//1929
o Icosphere.015
v -5.710984 10.535160 2.886523
v -3.078404 12.548758 4.799459
v -6.717299 12.547805 5.983694
v -8.967545 12.547820 2.886523
v -6.675830 12.580680 -0.129286
v -3.633698 12.709745 1.343693
v -4.852170 15.298519 4.936338
v -7.525188 15.267369 4.255952
v -7.336029 15.169658 1.706442
v -4.895209 15.492136 0.476578
v -3.205010 15.437616 2.944954
v -5.732212 16.397850 2.828524
v -6.302477 11.078919 4.706981
v -4.162406 11.078920 4.011618
v -4.753892 12.261925 5.832093
v -2.613818 12.261931 2.886523
v -4.162406 11.078920 1.761428
v -7.625140 11.078930 2.886523
v -8.216647 12.261930 4.706986
v -6.302477 11.078919 1.066066
v -8.047661 12.340197 1.180981
v -4.758336 12.266110 -0.050752
v -3.018632 14.150624 3.862651
v -3.175353 14.053002 2.054163
v -5.716880 14.012792 5.656241
v -3.665087 14.186891 5.783657
v -8.386427 14.160580 3.869796
v -7.754725 14.186728 5.784355
v -7.186306 14.118583 0.610944
v -8.285377 14.079766 2.035384
v -4.305508 14.098746 0.644660
v -5.711484 14.174892 -0.680191
v -3.925895 15.565790 4.276764
v -6.439691 15.530493 4.790071
v -8.010889 15.668394 2.957071
v -6.270904 15.398725 0.915324
v -4.196562 15.330275 1.757142
v -5.313053 16.276346 3.775520
v -4.314739 16.481380 2.854424
v -6.962681 16.607214 3.655965
v -6.754366 16.302219 2.150041
v -5.307395 16.388140 1.596972
vn 0.1024 -0.9435 0.3151
vn 0.7005 -0.6609 0.2692
vn -0.2680 -0.9435 0.1947
vn -0.2680 -0.9435 -0.1947
vn 0.1024 -0.9435 -0.3151
vn 0.9706 0.0934 0.2217
vn 0.0982 0.1528 0.9834
vn -0.9155 0.0909 0.3919
vn -0.6965 0.1101 -0.7090
vn 0.7693 0.0516 -0.6368
vn 0.9382 0.1480 0.3129
vn 0.0761 0.1677 0.9829
vn -0.9248 0.3744 -0.0674
vn -0.6552 0.1398 -0.7424
vn 0.7796 0.0635 -0.6230
vn 0.1909 0.7868 0.5870
vn -0.4754 0.5180 0.7111
vn -0.6304 0.5416 -0.5561
vn -0.2583 0.7059 -0.6595
vn 0.5955 0.5855 -0.5500
vn -0.0583 0.9979 -0.0280
vn 0.6223 0.5726 -0.5337
vn 0.6820 0.6727 -0.2871
vn -0.0716 0.9969 -0.0326
vn -0.2857 0.7166 -0.6363
vn -0.5744 0.5370 -0.6178
vn 0.0367 0.9804 -0.1935
vn -0.5550 0.7970 -0.2382
vn -0.7441 0.5071 0.4348
vn 0.1937 0.9802 0.0400
vn 0.1015 0.7444 0.6600
vn 0.0551 0.7743 0.6304
vn -0.0609 0.9863 0.1535
vn 0.2614 0.8426 0.4709
vn 0.6453 0.7104 0.2809
vn 0.6835 0.4053 -0.6072
vn 0.7084 0.4376 -0.5538
vn 0.8508 0.3088 -0.4252
vn -0.2542 0.7223 -0.6432
vn -0.5623 0.5491 -0.6183
vn -0.5703 0.5524 -0.6079
vn -0.7025 0.4441 -0.5562
vn -0.9767 0.2052 -0.0628
vn -0.7787 0.4553 0.4317
vn -0.4226 0.7687 0.4801
vn 0.0981 0.5281 0.8435
vn -0.0082 0.4927 0.8702
vn 0.2381 0.7367 0.6329
vn 0.8439 0.4605 0.2753
vn 0.8192 0.4069 0.4042
vn 0.6775 0.2014 -0.7074
vn 0.6850 0.1043 -0.7210
vn -0.0136 -0.3192 -0.9476
vn -0.7102 0.4570 -0.5355
vn -0.7803 0.1866 -0.5970
vn -0.8679 0.1184 -0.4825
vn -0.8041 0.5357 0.2580
vn -0.9485 0.0529 0.3122
vn -0.5904 -0.2817 0.7564
vn -0.0975 0.5354 0.8390
vn -0.0672 0.0631 0.9957
vn 0.5378 -0.2842 0.7937
vn 0.9927 0.0794 -0.0903
vn 0.9617 0.2563 -0.0972
vn 0.8350 0.0061 -0.5502
vn 0.7753 -0.3805 -0.5042
vn 0.1887 -0.7919 -0.5808
vn -0.0721 -0.6321 -0.7716
vn -0.4855 -0.6152 -0.6212
vn -0.5535 -0.7293 -0.4022
vn -0.7039 -0.6433 -0.3013
vn -0.7240 -0.6617 0.1947
vn -0.4911 -0.7947 0.3568
vn -0.4089 -0.6617 0.6284
vn 0.7162 -0.3818 -0.5842
vn 0.6071 -0.7947 0.0000
vn 0.3313 -0.9435 0.0000
vn -0.0385 -0.6617 0.7488
vn 0.1876 -0.7947 0.5773
vn 0.4725 -0.6610 0.5830
usemtl Material.016
s off
f 2901//1930 2914//1930 2913//1930
f 2902//1931 2914//1931 2916//1931
f 2901//1932 2913//1932 2918//1932
f 2901//1933 2918//1933 2920//1933
f 2901//1934 2920//1934 2917//1934
f 2902//1935 2916//1935 2923//1935
f 2903//1936 2915//1936 2925//1936
f 2904//1937 2919//1937 2927//1937
f 2905//1938 2921//1938 2929//1938
f 2906//1939 2922//1939 2931//1939
f 2902//1940 2923//1940 2926//1940
f 2903//1941 2925//1941 2928//1941
f 2904//1942 2927//1942 2930//1942
f 2905//1943 2929//1943 2932//1943
f 2906//1944 2931//1944 2924//1944
f 2907//1945 2933//1945 2938//1945
f 2908//1946 2934//1946 2940//1946
f 2909//1947 2935//1947 2941//1947
f 2910//1948 2936//1948 2942//1948
f 2911//1949 2937//1949 2939//1949
f 2939//1950 2942//1950 2912//1950
f 2939//1951 2937//1951 2942//1951
f 2937//1952 2910//1952 2942//1952
f 2942//1953 2941//1953 2912//1953
f 2942//1954 2936//1954 2941//1954
f 2936//1955 2909//1955 2941//1955
f 2941//1956 2940//1956 2912//1956
f 2941//1957 2935//1957 2940//1957
f 2935//1958 2908//1958 2940//1958
f 2940//1959 2938//1959 2912//1959
f 2940//1960 2934//1960 2938//1960
f 2934//1961 2907//1961 2938//1961
f 2938//1962 2939//1962 2912//1962
f 2938//1963 2933//1963 2939//1963
f 2933//1964 2911//1964 2939//1964
f 2924//1965 2937//1965 2911//1965
f 2924//1966 2931//1966 2937//1966
f 2931//1967 2910//1967 2937//1967
f 2932//1968 2936//1968 2910//1968
f 2932//1969 2929//1969 2936//1969
f 2929//1970 2909//1970 2936//1970
f 2930//1971 2935//1971 2909//1971
f 2930//1972 2927//1972 2935//1972
f 2927//1973 2908//1973 2935//1973
f 2928//1974 2934//1974 2908//1974
f 2928//1975 2925//1975 2934//1975
f 2925//1976 2907//1976 2934//1976
f 2926//1977 2933//1977 2907//1977
f 2926//1978 2923//1978 2933//1978
f 2923//1979 2911//1979 2933//1979
f 2931//1980 2932//1980 2910//1980
f 2931//1981 2922//1981 2932//1981
f 2922//1982 2905//1982 2932//1982
f 2929//1983 2930//1983 2909//1983
f 2929//1984 2921//1984 2930//1984
f 2921//1985 2904//1985 2930//1985
f 2927//1986 2928//1986 2908//1986
f 2927//1987 2919//1987 2928//1987
f 2919//1988 2903//1988 2928//1988
f 2925//1989 2926//1989 2907//1989
f 2925//1990 2915//1990 2926//1990
f 2915//1991 2902//1991 2926//1991
f 2923//1992 2924//1992 2911//1992
f 2923//1993 2916//1993 2924//1993
f 2916//1994 2906//1994 2924//1994
f 2917//1995 2922//1995 2906//1995
f 2917//1996 2920//1996 2922//1996
f 2920//1997 2905//1997 2922//1997
f 2920//1998 2921//1998 2905//1998
f 2920//1999 2918//1999 2921//1999
f 2918//2000 2904//2000 2921//2000
f 2918//2001 2919//2001 2904//2001
f 2918//2002 2913//2002 2919//2002
f 2913//2003 2903//2003 2919//2003
f 2916//2004 2917//2004 2906//2004
f 2916//2005 2914//2005 2917//2005
f 2914//2006 2901//2006 2917//2006
f 2913//2007 2915//2007 2903//2007
f 2913//2008 2914//2008 2915//2008
f 2914//2009 2902//2009 2915//2009
o Icosphere.016
v 0.209130 10.646660 -6.188654
v 2.517625 12.412373 -4.511212
v -0.673302 12.411536 -3.472763
v -2.646529 12.411551 -6.188654
v -0.636938 12.440365 -8.833200
v 2.030691 12.553542 -7.541553
v 0.962220 14.823623 -4.391183
v -1.381735 14.796308 -4.987810
v -1.215862 14.710625 -7.223461
v 0.924479 14.993404 -8.301922
v 2.406605 14.945596 -6.137416
v 0.190516 15.787621 -6.239513
v -0.309546 11.123480 -4.592306
v 1.567070 11.123480 -5.202065
v 1.048399 12.160851 -3.605700
v 2.925018 12.160856 -6.188654
v 1.567070 11.123480 -7.175244
v -1.469382 11.123488 -6.188654
v -1.988071 12.160855 -4.592300
v -0.309546 11.123480 -7.785003
v -1.839889 12.229486 -7.684235
v 1.044503 12.164520 -8.764335
v 2.570039 13.817040 -5.332693
v 2.432611 13.731437 -6.918547
v 0.203961 13.696176 -3.759904
v 2.003166 13.848842 -3.648174
v -2.136950 13.825770 -5.326427
v -1.583014 13.848700 -3.647562
v -1.084571 13.788943 -8.184096
v -2.048340 13.754906 -6.935014
v 1.441585 13.771548 -8.154531
v 0.208692 13.838321 -9.316285
v 1.774465 15.057991 -4.969560
v -0.429868 15.027039 -4.519444
v -1.807643 15.147964 -6.126791
v -0.281860 14.911492 -7.917188
v 1.537119 14.851469 -7.179002
v 0.558074 15.681074 -5.409098
v 1.433490 15.860867 -6.216802
v -0.888475 15.971210 -5.513935
v -0.705805 15.703762 -6.834472
v 0.563035 15.779104 -7.319455
vn 0.1024 -0.9435 0.3151
vn 0.7005 -0.6609 0.2692
vn -0.2680 -0.9435 0.1947
vn -0.2680 -0.9435 -0.1947
vn 0.1024 -0.9435 -0.3151
vn 0.9706 0.0934 0.2217
vn 0.0982 0.1528 0.9834
vn -0.9155 0.0909 0.3919
vn -0.6965 0.1101 -0.7090
vn 0.7693 0.0516 -0.6368
vn 0.9382 0.1480 0.3129
vn 0.0761 0.1677 0.9829
vn -0.9248 0.3744 -0.0674
vn -0.6552 0.1398 -0.7424
vn 0.7796 0.0635 -0.6230
vn 0.1909 0.7868 0.5870
vn -0.4754 0.5180 0.7111
vn -0.6304 0.5416 -0.5561
vn -0.2583 0.7059 -0.6595
vn 0.5955 0.5855 -0.5500
vn -0.0583 0.9979 -0.0280
vn 0.6223 0.5726 -0.5337
vn 0.6820 0.6727 -0.2871
vn -0.0716 0.9969 -0.0326
vn -0.2857 0.7166 -0.6363
vn -0.5744 0.5370 -0.6178
vn 0.0367 0.9804 -0.1935
vn -0.5550 0.7970 -0.2382
vn -0.7441 0.5071 0.4348
vn 0.1937 0.9802 0.0400
vn 0.1015 0.7444 0.6600
vn 0.0551 0.7743 0.6304
vn -0.0609 0.9863 0.1535
vn 0.2614 0.8426 0.4709
vn 0.6453 0.7104 0.2809
vn 0.6835 0.4053 -0.6072
vn 0.7084 0.4376 -0.5538
vn 0.8508 0.3088 -0.4252
vn -0.2542 0.7223 -0.6432
vn -0.5623 0.5491 -0.6183
vn -0.5703 0.5524 -0.6079
vn -0.7025 0.4441 -0.5562
vn -0.9767 0.2052 -0.0628
vn -0.7787 0.4553 0.4317
vn -0.4226 0.7687 0.4801
vn 0.0981 0.5281 0.8435
vn -0.0082 0.4927 0.8702
vn 0.2381 0.7367 0.6329
vn 0.8439 0.4605 0.2753
vn 0.8192 0.4069 0.4042
vn 0.6775 0.2014 -0.7074
vn 0.6850 0.1043 -0.7210
vn -0.0136 -0.3192 -0.9476
vn -0.7102 0.4570 -0.5355
vn -0.7803 0.1866 -0.5970
vn -0.8679 0.1184 -0.4825
vn -0.8041 0.5357 0.2580
vn -0.9485 0.0529 0.3122
vn -0.5904 -0.2817 0.7564
vn -0.0975 0.5354 0.8390
vn -0.0672 0.0631 0.9957
vn 0.5378 -0.2842 0.7937
vn 0.9927 0.0794 -0.0903
vn 0.9617 0.2563 -0.0972
vn 0.8350 0.0061 -0.5502
vn 0.7753 -0.3805 -0.5042
vn 0.1887 -0.7919 -0.5808
vn -0.0721 -0.6321 -0.7716
vn -0.4855 -0.6152 -0.6212
vn -0.5535 -0.7293 -0.4022
vn -0.7039 -0.6433 -0.3013
vn -0.7240 -0.6617 0.1947
vn -0.4911 -0.7947 0.3568
vn -0.4089 -0.6617 0.6284
vn 0.7162 -0.3818 -0.5842
vn 0.6071 -0.7947 0.0000
vn 0.3313 -0.9435 0.0000
vn -0.0385 -0.6617 0.7488
vn 0.1876 -0.7947 0.5773
vn 0.4725 -0.6610 0.5830
usemtl Material.017
s off
f 2943//2010 2956//2010 2955//2010
f 2944//2011 2956//2011 2958//2011
f 2943//2012 2955//2012 2960//2012
f 2943//2013 2960//2013 2962//2013
f 2943//2014 2962//2014 2959//2014
f 2944//2015 2958//2015 2965//2015
f 2945//2016 2957//2016 2967//2016
f 2946//2017 2961//2017 2969//2017
f 2947//2018 2963//2018 2971//2018
f 2948//2019 2964//2019 2973//2019
f 2944//2020 2965//2020 2968//2020
f 2945//2021 2967//2021 2970//2021
f 2946//2022 2969//2022 2972//2022
f 2947//2023 2971//2023 2974//2023
f 2948//2024 2973//2024 2966//2024
f 2949//2025 2975//2025 2980//2025
f 2950//2026 2976//2026 2982//2026
f 2951//2027 2977//2027 2983//2027
f 2952//2028 2978//2028 2984//2028
f 2953//2029 2979//2029 2981//2029
f 2981//2030 2984//2030 2954//2030
f 2981//2031 2979//2031 2984//2031
f 2979//2032 2952//2032 2984//2032
f 2984//2033 2983//2033 2954//2033
f 2984//2034 2978//2034 2983//2034
f 2978//2035 2951//2035 2983//2035
f 2983//2036 2982//2036 2954//2036
f 2983//2037 2977//2037 2982//2037
f 2977//2038 2950//2038 2982//2038
f 2982//2039 2980//2039 2954//2039
f 2982//2040 2976//2040 2980//2040
f 2976//2041 2949//2041 2980//2041
f 2980//2042 2981//2042 2954//2042
f 2980//2043 2975//2043 2981//2043
f 2975//2044 2953//2044 2981//2044
f 2966//2045 2979//2045 2953//2045
f 2966//2046 2973//2046 2979//2046
f 2973//2047 2952//2047 2979//2047
f 2974//2048 2978//2048 2952//2048
f 2974//2049 2971//2049 2978//2049
f 2971//2050 2951//2050 2978//2050
f 2972//2051 2977//2051 2951//2051
f 2972//2052 2969//2052 2977//2052
f 2969//2053 2950//2053 2977//2053
f 2970//2054 2976//2054 2950//2054
f 2970//2055 2967//2055 2976//2055
f 2967//2056 2949//2056 2976//2056
f 2968//2057 2975//2057 2949//2057
f 2968//2058 2965//2058 2975//2058
f 2965//2059 2953//2059 2975//2059
f 2973//2060 2974//2060 2952//2060
f 2973//2061 2964//2061 2974//2061
f 2964//2062 2947//2062 2974//2062
f 2971//2063 2972//2063 2951//2063
f 2971//2064 2963//2064 2972//2064
f 2963//2065 2946//2065 2972//2065
f 2969//2066 2970//2066 2950//2066
f 2969//2067 2961//2067 2970//2067
f 2961//2068 2945//2068 2970//2068
f 2967//2069 2968//2069 2949//2069
f 2967//2070 2957//2070 2968//2070
f 2957//2071 2944//2071 2968//2071
f 2965//2072 2966//2072 2953//2072
f 2965//2073 2958//2073 2966//2073
f 2958//2074 2948//2074 2966//2074
f 2959//2075 2964//2075 2948//2075
f 2959//2076 2962//2076 2964//2076
f 2962//2077 2947//2077 2964//2077
f 2962//2078 2963//2078 2947//2078
f 2962//2079 2960//2079 2963//2079
f 2960//2080 2946//2080 2963//2080
f 2960//2081 2961//2081 2946//2081
f 2960//2082 2955//2082 2961//2082
f 2955//2083 2945//2083 2961//2083
f 2958//2084 2959//2084 2948//2084
f 2958//2085 2956//2085 2959//2085
f 2956//2086 2943//2086 2959//2086
f 2955//2087 2957//2087 2945//2087
f 2955//2088 2956//2088 2957//2088
f 2956//2089 2944//2089 2957//2089
o Icosphere.017
v -2.401375 10.646660 5.752450
v -0.092880 12.412373 7.429893
v -3.283807 12.411536 8.468342
v -5.257035 12.411551 5.752450
v -3.247443 12.440365 3.107904
v -0.579814 12.553542 4.399551
v -1.648285 14.823623 7.549921
v -3.992240 14.796308 6.953295
v -3.826367 14.710625 4.717644
v -1.686027 14.993404 3.639182
v -0.203900 14.945596 5.803688
v -2.419990 15.787621 5.701591
v -2.920052 11.123480 7.348799
v -1.043435 11.123480 6.739039
v -1.562106 12.160851 8.335404
v 0.314512 12.160856 5.752450
v -1.043435 11.123480 4.765861
v -4.079887 11.123488 5.752450
v -4.598577 12.160855 7.348804
v -2.920052 11.123480 4.156101
v -4.450394 12.229486 4.256869
v -1.566003 12.164520 3.176770
v -0.040467 13.817040 6.608411
v -0.177894 13.731437 5.022558
v -2.406545 13.696176 8.181200
v -0.607339 13.848842 8.292931
v -4.747456 13.825770 6.614677
v -4.193520 13.848700 8.293542
v -3.695077 13.788943 3.757008
v -4.658845 13.754906 5.006091
v -1.168921 13.771548 3.786573
v -2.401813 13.838321 2.624819
v -0.836041 15.057991 6.971544
v -3.040374 15.027039 7.421661
v -4.418149 15.147964 5.814313
v -2.892365 14.911492 4.023916
v -1.073386 14.851469 4.762103
v -2.052432 15.681074 6.532007
v -1.177015 15.860867 5.724302
v -3.498981 15.971210 6.427169
v -3.316311 15.703762 5.106633
v -2.047471 15.779104 4.621650
vn 0.1024 -0.9435 0.3151
vn 0.7005 -0.6609 0.2692
vn -0.2680 -0.9435 0.1947
vn -0.2680 -0.9435 -0.1947
vn 0.1024 -0.9435 -0.3151
vn 0.9706 0.0934 0.2217
vn 0.0982 0.1528 0.9834
vn -0.9155 0.0909 0.3919
vn -0.6965 0.1101 -0.7090
vn 0.7693 0.0516 -0.6368
vn 0.9382 0.1480 0.3129
vn 0.0761 0.1677 0.9829
vn -0.9248 0.3744 -0.0674
vn -0.6552 0.1398 -0.7424
vn 0.7796 0.0635 -0.6230
vn 0.1909 0.7868 0.5870
vn -0.4754 0.5180 0.7111
vn -0.6304 0.5416 -0.5561
vn -0.2583 0.7059 -0.6595
vn 0.5955 0.5855 -0.5500
vn -0.0583 0.9979 -0.0280
vn 0.6223 0.5726 -0.5337
vn 0.6820 0.6727 -0.2871
vn -0.0716 0.9969 -0.0326
vn -0.2857 0.7166 -0.6363
vn -0.5744 0.5370 -0.6178
vn 0.0367 0.9804 -0.1935
vn -0.5550 0.7970 -0.2382
vn -0.7441 0.5071 0.4348
vn 0.1937 0.9802 0.0400
vn 0.1015 0.7444 0.6600
vn 0.0551 0.7743 0.6304
vn -0.0609 0.9863 0.1535
vn 0.2614 0.8426 0.4709
vn 0.6453 0.7104 0.2809
vn 0.6835 0.4053 -0.6072
vn 0.7084 0.4376 -0.5538
vn 0.8508 0.3088 -0.4252
vn -0.2542 0.7223 -0.6432
vn -0.5623 0.5491 -0.6183
vn -0.5703 0.5524 -0.6079
vn -0.7025 0.4441 -0.5562
vn -0.9767 0.2052 -0.0628
vn -0.7787 0.4553 0.4317
vn -0.4226 0.7687 0.4801
vn 0.0981 0.5281 0.8435
vn -0.0082 0.4927 0.8702
vn 0.2381 0.7367 0.6329
vn 0.8439 0.4605 0.2753
vn 0.8192 0.4069 0.4042
vn 0.6775 0.2014 -0.7074
vn 0.6850 0.1043 -0.7210
vn -0.0136 -0.3192 -0.9476
vn -0.7102 0.4570 -0.5355
vn -0.7803 0.1866 -0.5970
vn -0.8679 0.1184 -0.4825
vn -0.8041 0.5357 0.2580
vn -0.9485 0.0529 0.3122
vn -0.5904 -0.2817 0.7564
vn -0.0975 0.5354 0.8390
vn -0.0672 0.0631 0.9957
vn 0.5378 -0.2842 0.7937
vn 0.9927 0.0794 -0.0903
vn 0.9617 0.2563 -0.0972
vn 0.8350 0.0061 -0.5502
vn 0.7753 -0.3805 -0.5042
vn 0.1887 -0.7919 -0.5808
vn -0.0721 -0.6321 -0.7716
vn -0.4855 -0.6152 -0.6212
vn -0.5535 -0.7293 -0.4022
vn -0.7039 -0.6433 -0.3013
vn -0.7240 -0.6617 0.1947
vn -0.4911 -0.7947 0.3568
vn -0.4089 -0.6617 0.6284
vn 0.7162 -0.3818 -0.5842
vn 0.6071 -0.7947 0.0000
vn 0.3313 -0.9435 0.0000
vn -0.0385 -0.6617 0.7488
vn 0.1876 -0.7947 0.5773
vn 0.4725 -0.6610 0.5830
usemtl Material.018
s off
f 2985//2090 2998//2090 2997//2090
f 2986//2091 2998//2091 3000//2091
f 2985//2092 2997//2092 3002//2092
f 2985//2093 3002//2093 3004//2093
f 2985//2094 3004//2094 3001//2094
f 2986//2095 3000//2095 3007//2095
f 2987//2096 2999//2096 3009//2096
f 2988//2097 3003//2097 3011//2097
f 2989//2098 3005//2098 3013//2098
f 2990//2099 3006//2099 3015//2099
f 2986//2100 3007//2100 3010//2100
f 2987//2101 3009//2101 3012//2101
f 2988//2102 3011//2102 3014//2102
f 2989//2103 3013//2103 3016//2103
f 2990//2104 3015//2104 3008//2104
f 2991//2105 3017//2105 3022//2105
f 2992//2106 3018//2106 3024//2106
f 2993//2107 3019//2107 3025//2107
f 2994//2108 3020//2108 3026//2108
f 2995//2109 3021//2109 3023//2109
f 3023//2110 3026//2110 2996//2110
f 3023//2111 3021//2111 3026//2111
f 3021//2112 2994//2112 3026//2112
f 3026//2113 3025//2113 2996//2113
f 3026//2114 3020//2114 3025//2114
f 3020//2115 2993//2115 3025//2115
f 3025//2116 3024//2116 2996//2116
f 3025//2117 3019//2117 3024//2117
f 3019//2118 2992//2118 3024//2118
f 3024//2119 3022//2119 2996//2119
f 3024//2120 3018//2120 3022//2120
f 3018//2121 2991//2121 3022//2121
f 3022//2122 3023//2122 2996//2122
f 3022//2123 3017//2123 3023//2123
f 3017//2124 2995//2124 3023//2124
f 3008//2125 3021//2125 2995//2125
f 3008//2126 3015//2126 3021//2126
f 3015//2127 2994//2127 3021//2127
f 3016//2128 3020//2128 2994//2128
f 3016//2129 3013//2129 3020//2129
f 3013//2130 2993//2130 3020//2130
f 3014//2131 3019//2131 2993//2131
f 3014//2132 3011//2132 3019//2132
f 3011//2133 2992//2133 3019//2133
f 3012//2134 3018//2134 2992//2134
f 3012//2135 3009//2135 3018//2135
f 3009//2136 2991//2136 3018//2136
f 3010//2137 3017//2137 2991//2137
f 3010//2138 3007//2138 3017//2138
f 3007//2139 2995//2139 3017//2139
f 3015//2140 3016//2140 2994//2140
f 3015//2141 3006//2141 3016//2141
f 3006//2142 2989//2142 3016//2142
f 3013//2143 3014//2143 2993//2143
f 3013//2144 3005//2144 3014//2144
f 3005//2145 2988//2145 3014//2145
f 3011//2146 3012//2146 2992//2146
f 3011//2147 3003//2147 3012//2147
f 3003//2148 2987//2148 3012//2148
f 3009//2149 3010//2149 2991//2149
f 3009//2150 2999//2150 3010//2150
f 2999//2151 2986//2151 3010//2151
f 3007//2152 3008//2152 2995//2152
f 3007//2153 3000//2153 3008//2153
f 3000//2154 2990//2154 3008//2154
f 3001//2155 3006//2155 2990//2155
f 3001//2156 3004//2156 3006//2156
f 3004//2157 2989//2157 3006//2157
f 3004//2158 3005//2158 2989//2158
f 3004//2159 3002//2159 3005//2159
f 3002//2160 2988//2160 3005//2160
f 3002//2161 3003//2161 2988//2161
f 3002//2162 2997//2162 3003//2162
f 2997//2163 2987//2163 3003//2163
f 3000//2164 3001//2164 2990//2164
f 3000//2165 2998//2165 3001//2165
f 2998//2166 2985//2166 3001//2166
f 2997//2167 2999//2167 2987//2167
f 2997//2168 2998//2168 2999//2168
f 2998//2169 2986//2169 2999//2169
